sample	prefix	sample_barcode	lane	ploidy	fq1	fq2	pop	elevation
A2-GX	A2_L1	A2-GX	L1	2	/data/users/rchoudhury/Biscutella_wgs_remapping_2025/data/raw/all/A2_L1_R1_001_Hzuycvw0MOoq.fastq.gz	/data/users/rchoudhury/Biscutella_wgs_remapping_2025/data/raw/all/A2_L1_R2_001_hdfrDMAxu1Wa.fastq.gz	DAG	low
A2-GX	A2_L2	A2-GX	L2	2	/data/users/rchoudhury/Biscutella_wgs_remapping_2025/data/raw/all/A2_L2_R1_001_iCXcil8e8tbm.fastq.gz	/data/users/rchoudhury/Biscutella_wgs_remapping_2025/data/raw/all/A2_L2_R2_001_SZtSNrh2yq2f.fastq.gz	DAG	low
A2-Sch-X	A2Sch_L1	A2-Sch-X	L1	2	/data/users/rchoudhury/snakeSNPcalling/data/fastq/A2Sch_L1_R1_001.fastq.gz	/data/users/rchoudhury/snakeSNPcalling/data/fastq/A2Sch_L1_R2_001.fastq.gz	DAS	high
B2-AUR-X	B2_L1	B2-AUR-X	L1	2	/data/users/rchoudhury/Biscutella_wgs_remapping_2025/data/raw/all/B2_L1_R1_001_71wRs1AKF84U.fastq.gz	/data/users/rchoudhury/Biscutella_wgs_remapping_2025/data/raw/all/B2_L1_R2_001_XJEXguJLQyhN.fastq.gz	DBM	high
B2-AUR-X	B2_L2	B2-AUR-X	L2	2	/data/users/rchoudhury/Biscutella_wgs_remapping_2025/data/raw/all/B2_L2_R1_001_j6QkyjMFT5rm.fastq.gz	/data/users/rchoudhury/Biscutella_wgs_remapping_2025/data/raw/all/B2_L2_R2_001_76z1xfAOcnjy.fastq.gz	DBM	high
K2-s2-X	K2_L1	K2-s2-X	L1	2	/data/users/rchoudhury/Biscutella_wgs_remapping_2025/data/raw/all/K2_L1_R1_001_UBeVG7bx5BrQ.fastq.gz	/data/users/rchoudhury/Biscutella_wgs_remapping_2025/data/raw/all/K2_L1_R2_001_kjUMHw6oVgq4.fastq.gz	DKS	low
K2-s2-X	K2_L2	K2-s2-X	L2	2	/data/users/rchoudhury/Biscutella_wgs_remapping_2025/data/raw/all/K2_L2_R1_001_Bbaeom9tgrZ5.fastq.gz	/data/users/rchoudhury/Biscutella_wgs_remapping_2025/data/raw/all/K2_L2_R2_001_aFYDl6WShFcO.fastq.gz	DKS	low
RCB-X	P2_L1	RCB-X	L1	2	/data/users/rchoudhury/Biscutella_wgs_remapping_2025/data/raw/all/P2_L1_R1_001_97OLrI8r0Ckl.fastq.gz	/data/users/rchoudhury/Biscutella_wgs_remapping_2025/data/raw/all/P2_L1_R2_001_KsDl112hCwGB.fastq.gz	DPR	high
RCB-X	P2_L2	RCB-X	L2	2	/data/users/rchoudhury/Biscutella_wgs_remapping_2025/data/raw/all/P2_L2_R1_001_YuzpJdlNPUts.fastq.gz	/data/users/rchoudhury/Biscutella_wgs_remapping_2025/data/raw/all/P2_L2_R2_001_c3pRgQEoJK7b.fastq.gz	DPR	high
V2-bX	V2_L1	V2-bX	L1	2	/data/users/rchoudhury/Biscutella_wgs_remapping_2025/data/raw/all/V2_L1_R1_001_yd1alWwKsxte.fastq.gz	/data/users/rchoudhury/Biscutella_wgs_remapping_2025/data/raw/all/V2_L1_R2_001_pvu9f02h4Hp1.fastq.gz	DVB	low
V2-bX	V2_L2	V2-bX	L2	2	/data/users/rchoudhury/Biscutella_wgs_remapping_2025/data/raw/all/V2_L2_R1_001_8eWOBqaeDNFt.fastq.gz	/data/users/rchoudhury/Biscutella_wgs_remapping_2025/data/raw/all/V2_L2_R2_001_IQgehG0Uho4i.fastq.gz	DVB	low
A2-GA5	A2G-A5_95_L1	A2-GA5	L1	2	/data/users/rchoudhury/Biscutella_wgs_remapping_2025/data/raw/all/A2G-A5_95_L1_R1_001.fastq.gz	/data/users/rchoudhury/Biscutella_wgs_remapping_2025/data/raw/all/A2G-A5_95_L1_R2_001.fastq.gz	DAG	low
A2-GA5	A2G-A5_95_L2	A2-GA5	L2	2	/data/users/rchoudhury/Biscutella_wgs_remapping_2025/data/raw/all/A2G-A5_95_L2_R1_001.fastq.gz	/data/users/rchoudhury/Biscutella_wgs_remapping_2025/data/raw/all/A2G-A5_95_L2_R2_001.fastq.gz	DAG	low
A2-GA5	A2G-A5_96_L1	A2-GA5	L1	2	/data/users/rchoudhury/Biscutella_wgs_remapping_2025/data/raw/all/A2G-A5_96_L1_R1_001.fastq.gz	/data/users/rchoudhury/Biscutella_wgs_remapping_2025/data/raw/all/A2G-A5_96_L1_R2_001.fastq.gz	DAG	low
A2-GA5	A2G-A5_96_L2	A2-GA5	L2	2	/data/users/rchoudhury/Biscutella_wgs_remapping_2025/data/raw/all/A2G-A5_96_L2_R1_001.fastq.gz	/data/users/rchoudhury/Biscutella_wgs_remapping_2025/data/raw/all/A2G-A5_96_L2_R2_001.fastq.gz	DAG	low
A2-GB13	A2G-B13_95_L1	A2-GB13	L1	2	/data/users/rchoudhury/Biscutella_wgs_remapping_2025/data/raw/all/A2G-B13_95_L1_R1_001.fastq.gz	/data/users/rchoudhury/Biscutella_wgs_remapping_2025/data/raw/all/A2G-B13_95_L1_R2_001.fastq.gz	DAG	low
A2-GB13	A2G-B13_95_L2	A2-GB13	L2	2	/data/users/rchoudhury/Biscutella_wgs_remapping_2025/data/raw/all/A2G-B13_95_L2_R1_001.fastq.gz	/data/users/rchoudhury/Biscutella_wgs_remapping_2025/data/raw/all/A2G-B13_95_L2_R2_001.fastq.gz	DAG	low
A2-GB13	A2G-B13_96_L1	A2-GB13	L1	2	/data/users/rchoudhury/Biscutella_wgs_remapping_2025/data/raw/all/A2G-B13_96_L1_R1_001.fastq.gz	/data/users/rchoudhury/Biscutella_wgs_remapping_2025/data/raw/all/A2G-B13_96_L1_R2_001.fastq.gz	DAG	low
A2-GB13	A2G-B13_96_L2	A2-GB13	L2	2	/data/users/rchoudhury/Biscutella_wgs_remapping_2025/data/raw/all/A2G-B13_96_L2_R1_001.fastq.gz	/data/users/rchoudhury/Biscutella_wgs_remapping_2025/data/raw/all/A2G-B13_96_L2_R2_001.fastq.gz	DAG	low
A2-GB14	A2G-B14_95_L1	A2-GB14	L1	2	/data/users/rchoudhury/Biscutella_wgs_remapping_2025/data/raw/all/A2G-B14_95_L1_R1_001.fastq.gz	/data/users/rchoudhury/Biscutella_wgs_remapping_2025/data/raw/all/A2G-B14_95_L1_R2_001.fastq.gz	DAG	low
A2-GB14	A2G-B14_95_L2	A2-GB14	L2	2	/data/users/rchoudhury/Biscutella_wgs_remapping_2025/data/raw/all/A2G-B14_95_L2_R1_001.fastq.gz	/data/users/rchoudhury/Biscutella_wgs_remapping_2025/data/raw/all/A2G-B14_95_L2_R2_001.fastq.gz	DAG	low
A2-GB14	A2G-B14_96_L1	A2-GB14	L1	2	/data/users/rchoudhury/Biscutella_wgs_remapping_2025/data/raw/all/A2G-B14_96_L1_R1_001.fastq.gz	/data/users/rchoudhury/Biscutella_wgs_remapping_2025/data/raw/all/A2G-B14_96_L1_R2_001.fastq.gz	DAG	low
A2-GB14	A2G-B14_96_L2	A2-GB14	L2	2	/data/users/rchoudhury/Biscutella_wgs_remapping_2025/data/raw/all/A2G-B14_96_L2_R1_001.fastq.gz	/data/users/rchoudhury/Biscutella_wgs_remapping_2025/data/raw/all/A2G-B14_96_L2_R2_001.fastq.gz	DAG	low
A2-GB16	A2GB-16_95_L1	A2-GB16	L1	2	/data/users/rchoudhury/Biscutella_wgs_remapping_2025/data/raw/all/A2GB-16_95_L1_R1_001.fastq.gz	/data/users/rchoudhury/Biscutella_wgs_remapping_2025/data/raw/all/A2GB-16_95_L1_R2_001.fastq.gz	DAG	low
A2-GB16	A2GB-16_95_L2	A2-GB16	L2	2	/data/users/rchoudhury/Biscutella_wgs_remapping_2025/data/raw/all/A2GB-16_95_L2_R1_001.fastq.gz	/data/users/rchoudhury/Biscutella_wgs_remapping_2025/data/raw/all/A2GB-16_95_L2_R2_001.fastq.gz	DAG	low
A2-GB16	A2GB-16_96_L1	A2-GB16	L1	2	/data/users/rchoudhury/Biscutella_wgs_remapping_2025/data/raw/all/A2GB-16_96_L1_R1_001.fastq.gz	/data/users/rchoudhury/Biscutella_wgs_remapping_2025/data/raw/all/A2GB-16_96_L1_R2_001.fastq.gz	DAG	low
A2-GB16	A2GB-16_96_L2	A2-GB16	L2	2	/data/users/rchoudhury/Biscutella_wgs_remapping_2025/data/raw/all/A2GB-16_96_L2_R1_001.fastq.gz	/data/users/rchoudhury/Biscutella_wgs_remapping_2025/data/raw/all/A2GB-16_96_L2_R2_001.fastq.gz	DAG	low
A2-GB17	A2G-B17_95_L1	A2-GB17	L1	2	/data/users/rchoudhury/Biscutella_wgs_remapping_2025/data/raw/all/A2G-B17_95_L1_R1_001.fastq.gz	/data/users/rchoudhury/Biscutella_wgs_remapping_2025/data/raw/all/A2G-B17_95_L1_R2_001.fastq.gz	DAG	low
A2-GB17	A2G-B17_95_L2	A2-GB17	L2	2	/data/users/rchoudhury/Biscutella_wgs_remapping_2025/data/raw/all/A2G-B17_95_L2_R1_001.fastq.gz	/data/users/rchoudhury/Biscutella_wgs_remapping_2025/data/raw/all/A2G-B17_95_L2_R2_001.fastq.gz	DAG	low
A2-GB17	A2G-B17_96_L1	A2-GB17	L1	2	/data/users/rchoudhury/Biscutella_wgs_remapping_2025/data/raw/all/A2G-B17_96_L1_R1_001.fastq.gz	/data/users/rchoudhury/Biscutella_wgs_remapping_2025/data/raw/all/A2G-B17_96_L1_R2_001.fastq.gz	DAG	low
A2-GB17	A2G-B17_96_L2	A2-GB17	L2	2	/data/users/rchoudhury/Biscutella_wgs_remapping_2025/data/raw/all/A2G-B17_96_L2_R1_001.fastq.gz	/data/users/rchoudhury/Biscutella_wgs_remapping_2025/data/raw/all/A2G-B17_96_L2_R2_001.fastq.gz	DAG	low
A2-GB17	A2G-B17_seq2_L2	A2-GB17	L2	2	/data/users/rchoudhury/Biscutella_wgs_remapping_2025/data/raw/all/A2G-B17_seq2_L2_R1_001.fastq.gz	/data/users/rchoudhury/Biscutella_wgs_remapping_2025/data/raw/all/A2G-B17_seq2_L2_R2_001.fastq.gz	DAG	low
A2-GB9	A2G-B9_95_L1	A2-GB9	L1	2	/data/users/rchoudhury/Biscutella_wgs_remapping_2025/data/raw/all/A2G-B9_95_L1_R1_001.fastq.gz	/data/users/rchoudhury/Biscutella_wgs_remapping_2025/data/raw/all/A2G-B9_95_L1_R2_001.fastq.gz	DAG	low
A2-GB9	A2G-B9_95_L2	A2-GB9	L2	2	/data/users/rchoudhury/Biscutella_wgs_remapping_2025/data/raw/all/A2G-B9_95_L2_R1_001.fastq.gz	/data/users/rchoudhury/Biscutella_wgs_remapping_2025/data/raw/all/A2G-B9_95_L2_R2_001.fastq.gz	DAG	low
A2-GB9	A2G-B9_96_L1	A2-GB9	L1	2	/data/users/rchoudhury/Biscutella_wgs_remapping_2025/data/raw/all/A2G-B9_96_L1_R1_001.fastq.gz	/data/users/rchoudhury/Biscutella_wgs_remapping_2025/data/raw/all/A2G-B9_96_L1_R2_001.fastq.gz	DAG	low
A2-GB9	A2G-B9_96_L2	A2-GB9	L2	2	/data/users/rchoudhury/Biscutella_wgs_remapping_2025/data/raw/all/A2G-B9_96_L2_R1_001.fastq.gz	/data/users/rchoudhury/Biscutella_wgs_remapping_2025/data/raw/all/A2G-B9_96_L2_R2_001.fastq.gz	DAG	low
A2-GB9	A2G-B9_seq2_L2	A2-GB9	L2	2	/data/users/rchoudhury/Biscutella_wgs_remapping_2025/data/raw/all/A2G-B9_seq2_L2_R1_001.fastq.gz	/data/users/rchoudhury/Biscutella_wgs_remapping_2025/data/raw/all/A2G-B9_seq2_L2_R2_001.fastq.gz	DAG	low
A2-GC18	A2G-C18_95_L1	A2-GC18	L1	2	/data/users/rchoudhury/Biscutella_wgs_remapping_2025/data/raw/all/A2G-C18_95_L1_R1_001.fastq.gz	/data/users/rchoudhury/Biscutella_wgs_remapping_2025/data/raw/all/A2G-C18_95_L1_R2_001.fastq.gz	DAG	low
A2-GC18	A2G-C18_95_L2	A2-GC18	L2	2	/data/users/rchoudhury/Biscutella_wgs_remapping_2025/data/raw/all/A2G-C18_95_L2_R1_001.fastq.gz	/data/users/rchoudhury/Biscutella_wgs_remapping_2025/data/raw/all/A2G-C18_95_L2_R2_001.fastq.gz	DAG	low
A2-GC18	A2G-C18_96_L1	A2-GC18	L1	2	/data/users/rchoudhury/Biscutella_wgs_remapping_2025/data/raw/all/A2G-C18_96_L1_R1_001.fastq.gz	/data/users/rchoudhury/Biscutella_wgs_remapping_2025/data/raw/all/A2G-C18_96_L1_R2_001.fastq.gz	DAG	low
A2-GC18	A2G-C18_96_L2	A2-GC18	L2	2	/data/users/rchoudhury/Biscutella_wgs_remapping_2025/data/raw/all/A2G-C18_96_L2_R1_001.fastq.gz	/data/users/rchoudhury/Biscutella_wgs_remapping_2025/data/raw/all/A2G-C18_96_L2_R2_001.fastq.gz	DAG	low
A2-Sch-12	A2S-12_95_L1	A2-Sch-12	L1	2	/data/users/rchoudhury/Biscutella_wgs_remapping_2025/data/raw/all/A2S-12_95_L1_R1_001.fastq.gz	/data/users/rchoudhury/Biscutella_wgs_remapping_2025/data/raw/all/A2S-12_95_L1_R2_001.fastq.gz	DAS	high
A2-Sch-12	A2S-12_95_L2	A2-Sch-12	L2	2	/data/users/rchoudhury/Biscutella_wgs_remapping_2025/data/raw/all/A2S-12_95_L2_R1_001.fastq.gz	/data/users/rchoudhury/Biscutella_wgs_remapping_2025/data/raw/all/A2S-12_95_L2_R2_001.fastq.gz	DAS	high
A2-Sch-12	A2S-12_96_L1	A2-Sch-12	L1	2	/data/users/rchoudhury/Biscutella_wgs_remapping_2025/data/raw/all/A2S-12_96_L1_R1_001.fastq.gz	/data/users/rchoudhury/Biscutella_wgs_remapping_2025/data/raw/all/A2S-12_96_L1_R2_001.fastq.gz	DAS	high
A2-Sch-12	A2S-12_96_L2	A2-Sch-12	L2	2	/data/users/rchoudhury/Biscutella_wgs_remapping_2025/data/raw/all/A2S-12_96_L2_R1_001.fastq.gz	/data/users/rchoudhury/Biscutella_wgs_remapping_2025/data/raw/all/A2S-12_96_L2_R2_001.fastq.gz	DAS	high
A2-Sch-12	A2S-12_seq2_L2	A2-Sch-12	L2	2	/data/users/rchoudhury/Biscutella_wgs_remapping_2025/data/raw/all/A2S-12_seq2_L2_R1_001.fastq.gz	/data/users/rchoudhury/Biscutella_wgs_remapping_2025/data/raw/all/A2S-12_seq2_L2_R2_001.fastq.gz	DAS	high
A2-Sch-16	A2S-16_95_L1	A2-Sch-16	L1	2	/data/users/rchoudhury/Biscutella_wgs_remapping_2025/data/raw/all/A2S-16_95_L1_R1_001.fastq.gz	/data/users/rchoudhury/Biscutella_wgs_remapping_2025/data/raw/all/A2S-16_95_L1_R2_001.fastq.gz	DAS	high
A2-Sch-16	A2S-16_95_L2	A2-Sch-16	L2	2	/data/users/rchoudhury/Biscutella_wgs_remapping_2025/data/raw/all/A2S-16_95_L2_R1_001.fastq.gz	/data/users/rchoudhury/Biscutella_wgs_remapping_2025/data/raw/all/A2S-16_95_L2_R2_001.fastq.gz	DAS	high
A2-Sch-16	A2S-16_96_L1	A2-Sch-16	L1	2	/data/users/rchoudhury/Biscutella_wgs_remapping_2025/data/raw/all/A2S-16_96_L1_R1_001.fastq.gz	/data/users/rchoudhury/Biscutella_wgs_remapping_2025/data/raw/all/A2S-16_96_L1_R2_001.fastq.gz	DAS	high
A2-Sch-16	A2S-16_96_L2	A2-Sch-16	L2	2	/data/users/rchoudhury/Biscutella_wgs_remapping_2025/data/raw/all/A2S-16_96_L2_R1_001.fastq.gz	/data/users/rchoudhury/Biscutella_wgs_remapping_2025/data/raw/all/A2S-16_96_L2_R2_001.fastq.gz	DAS	high
A2-Sch-17	A2S-17_95_L1	A2-Sch-17	L1	2	/data/users/rchoudhury/Biscutella_wgs_remapping_2025/data/raw/all/A2S-17_95_L1_R1_001.fastq.gz	/data/users/rchoudhury/Biscutella_wgs_remapping_2025/data/raw/all/A2S-17_95_L1_R2_001.fastq.gz	DAS	high
A2-Sch-17	A2S-17_95_L2	A2-Sch-17	L2	2	/data/users/rchoudhury/Biscutella_wgs_remapping_2025/data/raw/all/A2S-17_95_L2_R1_001.fastq.gz	/data/users/rchoudhury/Biscutella_wgs_remapping_2025/data/raw/all/A2S-17_95_L2_R2_001.fastq.gz	DAS	high
A2-Sch-17	A2S-17_96_L1	A2-Sch-17	L1	2	/data/users/rchoudhury/Biscutella_wgs_remapping_2025/data/raw/all/A2S-17_96_L1_R1_001.fastq.gz	/data/users/rchoudhury/Biscutella_wgs_remapping_2025/data/raw/all/A2S-17_96_L1_R2_001.fastq.gz	DAS	high
A2-Sch-17	A2S-17_96_L2	A2-Sch-17	L2	2	/data/users/rchoudhury/Biscutella_wgs_remapping_2025/data/raw/all/A2S-17_96_L2_R1_001.fastq.gz	/data/users/rchoudhury/Biscutella_wgs_remapping_2025/data/raw/all/A2S-17_96_L2_R2_001.fastq.gz	DAS	high
A2-Sch-19	A2S-19_95_L1	A2-Sch-19	L1	2	/data/users/rchoudhury/Biscutella_wgs_remapping_2025/data/raw/all/A2S-19_95_L1_R1_001.fastq.gz	/data/users/rchoudhury/Biscutella_wgs_remapping_2025/data/raw/all/A2S-19_95_L1_R2_001.fastq.gz	DAS	high
A2-Sch-19	A2S-19_95_L2	A2-Sch-19	L2	2	/data/users/rchoudhury/Biscutella_wgs_remapping_2025/data/raw/all/A2S-19_95_L2_R1_001.fastq.gz	/data/users/rchoudhury/Biscutella_wgs_remapping_2025/data/raw/all/A2S-19_95_L2_R2_001.fastq.gz	DAS	high
A2-Sch-19	A2S-19_96_L1	A2-Sch-19	L1	2	/data/users/rchoudhury/Biscutella_wgs_remapping_2025/data/raw/all/A2S-19_96_L1_R1_001.fastq.gz	/data/users/rchoudhury/Biscutella_wgs_remapping_2025/data/raw/all/A2S-19_96_L1_R2_001.fastq.gz	DAS	high
A2-Sch-19	A2S-19_96_L2	A2-Sch-19	L2	2	/data/users/rchoudhury/Biscutella_wgs_remapping_2025/data/raw/all/A2S-19_96_L2_R1_001.fastq.gz	/data/users/rchoudhury/Biscutella_wgs_remapping_2025/data/raw/all/A2S-19_96_L2_R2_001.fastq.gz	DAS	high
A2-Sch-21	A2S-21_95_L1	A2-Sch-21	L1	2	/data/users/rchoudhury/Biscutella_wgs_remapping_2025/data/raw/all/A2S-21_95_L1_R1_001.fastq.gz	/data/users/rchoudhury/Biscutella_wgs_remapping_2025/data/raw/all/A2S-21_95_L1_R2_001.fastq.gz	DAS	high
A2-Sch-21	A2S-21_95_L2	A2-Sch-21	L2	2	/data/users/rchoudhury/Biscutella_wgs_remapping_2025/data/raw/all/A2S-21_95_L2_R1_001.fastq.gz	/data/users/rchoudhury/Biscutella_wgs_remapping_2025/data/raw/all/A2S-21_95_L2_R2_001.fastq.gz	DAS	high
A2-Sch-21	A2S-21_96_L1	A2-Sch-21	L1	2	/data/users/rchoudhury/Biscutella_wgs_remapping_2025/data/raw/all/A2S-21_96_L1_R1_001.fastq.gz	/data/users/rchoudhury/Biscutella_wgs_remapping_2025/data/raw/all/A2S-21_96_L1_R2_001.fastq.gz	DAS	high
A2-Sch-21	A2S-21_96_L2	A2-Sch-21	L2	2	/data/users/rchoudhury/Biscutella_wgs_remapping_2025/data/raw/all/A2S-21_96_L2_R1_001.fastq.gz	/data/users/rchoudhury/Biscutella_wgs_remapping_2025/data/raw/all/A2S-21_96_L2_R2_001.fastq.gz	DAS	high
A2-Sch-5	A2S-5_95_L1	A2-Sch-5	L1	2	/data/users/rchoudhury/Biscutella_wgs_remapping_2025/data/raw/all/A2S-5_95_L1_R1_001.fastq.gz	/data/users/rchoudhury/Biscutella_wgs_remapping_2025/data/raw/all/A2S-5_95_L1_R2_001.fastq.gz	DAS	high
A2-Sch-5	A2S-5_95_L2	A2-Sch-5	L2	2	/data/users/rchoudhury/Biscutella_wgs_remapping_2025/data/raw/all/A2S-5_95_L2_R1_001.fastq.gz	/data/users/rchoudhury/Biscutella_wgs_remapping_2025/data/raw/all/A2S-5_95_L2_R2_001.fastq.gz	DAS	high
A2-Sch-5	A2S-5_96_L1	A2-Sch-5	L1	2	/data/users/rchoudhury/Biscutella_wgs_remapping_2025/data/raw/all/A2S-5_96_L1_R1_001.fastq.gz	/data/users/rchoudhury/Biscutella_wgs_remapping_2025/data/raw/all/A2S-5_96_L1_R2_001.fastq.gz	DAS	high
A2-Sch-5	A2S-5_96_L2	A2-Sch-5	L2	2	/data/users/rchoudhury/Biscutella_wgs_remapping_2025/data/raw/all/A2S-5_96_L2_R1_001.fastq.gz	/data/users/rchoudhury/Biscutella_wgs_remapping_2025/data/raw/all/A2S-5_96_L2_R2_001.fastq.gz	DAS	high
A2-Sch-8	A2S-8_95_L1	A2-Sch-8	L1	2	/data/users/rchoudhury/Biscutella_wgs_remapping_2025/data/raw/all/A2S-8_95_L1_R1_001.fastq.gz	/data/users/rchoudhury/Biscutella_wgs_remapping_2025/data/raw/all/A2S-8_95_L1_R2_001.fastq.gz	DAS	high
A2-Sch-8	A2S-8_95_L2	A2-Sch-8	L2	2	/data/users/rchoudhury/Biscutella_wgs_remapping_2025/data/raw/all/A2S-8_95_L2_R1_001.fastq.gz	/data/users/rchoudhury/Biscutella_wgs_remapping_2025/data/raw/all/A2S-8_95_L2_R2_001.fastq.gz	DAS	high
A2-Sch-8	A2S-8_96_L1	A2-Sch-8	L1	2	/data/users/rchoudhury/Biscutella_wgs_remapping_2025/data/raw/all/A2S-8_96_L1_R1_001.fastq.gz	/data/users/rchoudhury/Biscutella_wgs_remapping_2025/data/raw/all/A2S-8_96_L1_R2_001.fastq.gz	DAS	high
A2-Sch-8	A2S-8_96_L2	A2-Sch-8	L2	2	/data/users/rchoudhury/Biscutella_wgs_remapping_2025/data/raw/all/A2S-8_96_L2_R1_001.fastq.gz	/data/users/rchoudhury/Biscutella_wgs_remapping_2025/data/raw/all/A2S-8_96_L2_R2_001.fastq.gz	DAS	high
B2-MV10	B2MV-10_95_L1	B2-MV10	L1	2	/data/users/rchoudhury/Biscutella_wgs_remapping_2025/data/raw/all/B2MV-10_95_L1_R1_001.fastq.gz	/data/users/rchoudhury/Biscutella_wgs_remapping_2025/data/raw/all/B2MV-10_95_L1_R2_001.fastq.gz	DBM	high
B2-MV10	B2MV-10_95_L2	B2-MV10	L2	2	/data/users/rchoudhury/Biscutella_wgs_remapping_2025/data/raw/all/B2MV-10_95_L2_R1_001.fastq.gz	/data/users/rchoudhury/Biscutella_wgs_remapping_2025/data/raw/all/B2MV-10_95_L2_R2_001.fastq.gz	DBM	high
B2-MV10	B2MV-10_96_L1	B2-MV10	L1	2	/data/users/rchoudhury/Biscutella_wgs_remapping_2025/data/raw/all/B2MV-10_96_L1_R1_001.fastq.gz	/data/users/rchoudhury/Biscutella_wgs_remapping_2025/data/raw/all/B2MV-10_96_L1_R2_001.fastq.gz	DBM	high
B2-MV10	B2MV-10_96_L2	B2-MV10	L2	2	/data/users/rchoudhury/Biscutella_wgs_remapping_2025/data/raw/all/B2MV-10_96_L2_R1_001.fastq.gz	/data/users/rchoudhury/Biscutella_wgs_remapping_2025/data/raw/all/B2MV-10_96_L2_R2_001.fastq.gz	DBM	high
B2-MV10	B2MV-10_seq2_L2	B2-MV10	L2	2	/data/users/rchoudhury/Biscutella_wgs_remapping_2025/data/raw/all/B2MV-10_seq2_L2_R1_001.fastq.gz	/data/users/rchoudhury/Biscutella_wgs_remapping_2025/data/raw/all/B2MV-10_seq2_L2_R2_001.fastq.gz	DBM	high
B2-MV18	B2MV-18_95_L1	B2-MV18	L1	2	/data/users/rchoudhury/Biscutella_wgs_remapping_2025/data/raw/all/B2MV-18_95_L1_R1_001.fastq.gz	/data/users/rchoudhury/Biscutella_wgs_remapping_2025/data/raw/all/B2MV-18_95_L1_R2_001.fastq.gz	DBM	high
B2-MV18	B2MV-18_95_L2	B2-MV18	L2	2	/data/users/rchoudhury/Biscutella_wgs_remapping_2025/data/raw/all/B2MV-18_95_L2_R1_001.fastq.gz	/data/users/rchoudhury/Biscutella_wgs_remapping_2025/data/raw/all/B2MV-18_95_L2_R2_001.fastq.gz	DBM	high
B2-MV18	B2MV-18_96_L1	B2-MV18	L1	2	/data/users/rchoudhury/Biscutella_wgs_remapping_2025/data/raw/all/B2MV-18_96_L1_R1_001.fastq.gz	/data/users/rchoudhury/Biscutella_wgs_remapping_2025/data/raw/all/B2MV-18_96_L1_R2_001.fastq.gz	DBM	high
B2-MV18	B2MV-18_96_L2	B2-MV18	L2	2	/data/users/rchoudhury/Biscutella_wgs_remapping_2025/data/raw/all/B2MV-18_96_L2_R1_001.fastq.gz	/data/users/rchoudhury/Biscutella_wgs_remapping_2025/data/raw/all/B2MV-18_96_L2_R2_001.fastq.gz	DBM	high
B2-MV18	B2MV-18_seq2_L2	B2-MV18	L2	2	/data/users/rchoudhury/Biscutella_wgs_remapping_2025/data/raw/all/B2MV-18_seq2_L2_R1_001.fastq.gz	/data/users/rchoudhury/Biscutella_wgs_remapping_2025/data/raw/all/B2MV-18_seq2_L2_R2_001.fastq.gz	DBM	high
B2-MV1	B2MV-1_95_L1	B2-MV1	L1	2	/data/users/rchoudhury/Biscutella_wgs_remapping_2025/data/raw/all/B2MV-1_95_L1_R1_001.fastq.gz	/data/users/rchoudhury/Biscutella_wgs_remapping_2025/data/raw/all/B2MV-1_95_L1_R2_001.fastq.gz	DBM	high
B2-MV1	B2MV-1_95_L2	B2-MV1	L2	2	/data/users/rchoudhury/Biscutella_wgs_remapping_2025/data/raw/all/B2MV-1_95_L2_R1_001.fastq.gz	/data/users/rchoudhury/Biscutella_wgs_remapping_2025/data/raw/all/B2MV-1_95_L2_R2_001.fastq.gz	DBM	high
B2-MV1	B2MV-1_96_L1	B2-MV1	L1	2	/data/users/rchoudhury/Biscutella_wgs_remapping_2025/data/raw/all/B2MV-1_96_L1_R1_001.fastq.gz	/data/users/rchoudhury/Biscutella_wgs_remapping_2025/data/raw/all/B2MV-1_96_L1_R2_001.fastq.gz	DBM	high
B2-MV1	B2MV-1_96_L2	B2-MV1	L2	2	/data/users/rchoudhury/Biscutella_wgs_remapping_2025/data/raw/all/B2MV-1_96_L2_R1_001.fastq.gz	/data/users/rchoudhury/Biscutella_wgs_remapping_2025/data/raw/all/B2MV-1_96_L2_R2_001.fastq.gz	DBM	high
B2-MV1	B2MV-1_seq2_L2	B2-MV1	L2	2	/data/users/rchoudhury/Biscutella_wgs_remapping_2025/data/raw/all/B2MV-1_seq2_L2_R1_001.fastq.gz	/data/users/rchoudhury/Biscutella_wgs_remapping_2025/data/raw/all/B2MV-1_seq2_L2_R2_001.fastq.gz	DBM	high
B2-MV20	B2MV-20_95_L1	B2-MV20	L1	2	/data/users/rchoudhury/Biscutella_wgs_remapping_2025/data/raw/all/B2MV-20_95_L1_R1_001.fastq.gz	/data/users/rchoudhury/Biscutella_wgs_remapping_2025/data/raw/all/B2MV-20_95_L1_R2_001.fastq.gz	DBM	high
B2-MV20	B2MV-20_95_L2	B2-MV20	L2	2	/data/users/rchoudhury/Biscutella_wgs_remapping_2025/data/raw/all/B2MV-20_95_L2_R1_001.fastq.gz	/data/users/rchoudhury/Biscutella_wgs_remapping_2025/data/raw/all/B2MV-20_95_L2_R2_001.fastq.gz	DBM	high
B2-MV20	B2MV-20_96_L1	B2-MV20	L1	2	/data/users/rchoudhury/Biscutella_wgs_remapping_2025/data/raw/all/B2MV-20_96_L1_R1_001.fastq.gz	/data/users/rchoudhury/Biscutella_wgs_remapping_2025/data/raw/all/B2MV-20_96_L1_R2_001.fastq.gz	DBM	high
B2-MV20	B2MV-20_96_L2	B2-MV20	L2	2	/data/users/rchoudhury/Biscutella_wgs_remapping_2025/data/raw/all/B2MV-20_96_L2_R1_001.fastq.gz	/data/users/rchoudhury/Biscutella_wgs_remapping_2025/data/raw/all/B2MV-20_96_L2_R2_001.fastq.gz	DBM	high
B2-MV20	B2MV-20_seq2_L2	B2-MV20	L2	2	/data/users/rchoudhury/Biscutella_wgs_remapping_2025/data/raw/all/B2MV-20_seq2_L2_R1_001.fastq.gz	/data/users/rchoudhury/Biscutella_wgs_remapping_2025/data/raw/all/B2MV-20_seq2_L2_R2_001.fastq.gz	DBM	high
B2-MV2	B2MV-2_95_L1	B2-MV2	L1	2	/data/users/rchoudhury/Biscutella_wgs_remapping_2025/data/raw/all/B2MV-2_95_L1_R1_001.fastq.gz	/data/users/rchoudhury/Biscutella_wgs_remapping_2025/data/raw/all/B2MV-2_95_L1_R2_001.fastq.gz	DBM	high
B2-MV2	B2MV-2_95_L2	B2-MV2	L2	2	/data/users/rchoudhury/Biscutella_wgs_remapping_2025/data/raw/all/B2MV-2_95_L2_R1_001.fastq.gz	/data/users/rchoudhury/Biscutella_wgs_remapping_2025/data/raw/all/B2MV-2_95_L2_R2_001.fastq.gz	DBM	high
B2-MV2	B2MV-2_96_L1	B2-MV2	L1	2	/data/users/rchoudhury/Biscutella_wgs_remapping_2025/data/raw/all/B2MV-2_96_L1_R1_001.fastq.gz	/data/users/rchoudhury/Biscutella_wgs_remapping_2025/data/raw/all/B2MV-2_96_L1_R2_001.fastq.gz	DBM	high
B2-MV2	B2MV-2_96_L2	B2-MV2	L2	2	/data/users/rchoudhury/Biscutella_wgs_remapping_2025/data/raw/all/B2MV-2_96_L2_R1_001.fastq.gz	/data/users/rchoudhury/Biscutella_wgs_remapping_2025/data/raw/all/B2MV-2_96_L2_R2_001.fastq.gz	DBM	high
B2-MV3	B2MV-3_95_L1	B2-MV3	L1	2	/data/users/rchoudhury/Biscutella_wgs_remapping_2025/data/raw/all/B2MV-3_95_L1_R1_001.fastq.gz	/data/users/rchoudhury/Biscutella_wgs_remapping_2025/data/raw/all/B2MV-3_95_L1_R2_001.fastq.gz	DBM	high
B2-MV3	B2MV-3_95_L2	B2-MV3	L2	2	/data/users/rchoudhury/Biscutella_wgs_remapping_2025/data/raw/all/B2MV-3_95_L2_R1_001.fastq.gz	/data/users/rchoudhury/Biscutella_wgs_remapping_2025/data/raw/all/B2MV-3_95_L2_R2_001.fastq.gz	DBM	high
B2-MV3	B2MV-3_96_L1	B2-MV3	L1	2	/data/users/rchoudhury/Biscutella_wgs_remapping_2025/data/raw/all/B2MV-3_96_L1_R1_001.fastq.gz	/data/users/rchoudhury/Biscutella_wgs_remapping_2025/data/raw/all/B2MV-3_96_L1_R2_001.fastq.gz	DBM	high
B2-MV3	B2MV-3_96_L2	B2-MV3	L2	2	/data/users/rchoudhury/Biscutella_wgs_remapping_2025/data/raw/all/B2MV-3_96_L2_R1_001.fastq.gz	/data/users/rchoudhury/Biscutella_wgs_remapping_2025/data/raw/all/B2MV-3_96_L2_R2_001.fastq.gz	DBM	high
B2-MV6	B2MV-6_95_L1	B2-MV6	L1	2	/data/users/rchoudhury/Biscutella_wgs_remapping_2025/data/raw/all/B2MV-6_95_L1_R1_001.fastq.gz	/data/users/rchoudhury/Biscutella_wgs_remapping_2025/data/raw/all/B2MV-6_95_L1_R2_001.fastq.gz	DBM	high
B2-MV6	B2MV-6_95_L2	B2-MV6	L2	2	/data/users/rchoudhury/Biscutella_wgs_remapping_2025/data/raw/all/B2MV-6_95_L2_R1_001.fastq.gz	/data/users/rchoudhury/Biscutella_wgs_remapping_2025/data/raw/all/B2MV-6_95_L2_R2_001.fastq.gz	DBM	high
B2-MV6	B2MV-6_96_L1	B2-MV6	L1	2	/data/users/rchoudhury/Biscutella_wgs_remapping_2025/data/raw/all/B2MV-6_96_L1_R1_001.fastq.gz	/data/users/rchoudhury/Biscutella_wgs_remapping_2025/data/raw/all/B2MV-6_96_L1_R2_001.fastq.gz	DBM	high
B2-MV6	B2MV-6_96_L2	B2-MV6	L2	2	/data/users/rchoudhury/Biscutella_wgs_remapping_2025/data/raw/all/B2MV-6_96_L2_R1_001.fastq.gz	/data/users/rchoudhury/Biscutella_wgs_remapping_2025/data/raw/all/B2MV-6_96_L2_R2_001.fastq.gz	DBM	high
B2-MV6	B2MV-6_seq2_L2	B2-MV6	L2	2	/data/users/rchoudhury/Biscutella_wgs_remapping_2025/data/raw/all/B2MV-6_seq2_L2_R1_001.fastq.gz	/data/users/rchoudhury/Biscutella_wgs_remapping_2025/data/raw/all/B2MV-6_seq2_L2_R2_001.fastq.gz	DBM	high
B2-MV9	B2MV-9_95_L1	B2-MV9	L1	2	/data/users/rchoudhury/Biscutella_wgs_remapping_2025/data/raw/all/B2MV-9_95_L1_R1_001.fastq.gz	/data/users/rchoudhury/Biscutella_wgs_remapping_2025/data/raw/all/B2MV-9_95_L1_R2_001.fastq.gz	DBM	high
B2-MV9	B2MV-9_95_L2	B2-MV9	L2	2	/data/users/rchoudhury/Biscutella_wgs_remapping_2025/data/raw/all/B2MV-9_95_L2_R1_001.fastq.gz	/data/users/rchoudhury/Biscutella_wgs_remapping_2025/data/raw/all/B2MV-9_95_L2_R2_001.fastq.gz	DBM	high
B2-MV9	B2MV-9_96_L1	B2-MV9	L1	2	/data/users/rchoudhury/Biscutella_wgs_remapping_2025/data/raw/all/B2MV-9_96_L1_R1_001.fastq.gz	/data/users/rchoudhury/Biscutella_wgs_remapping_2025/data/raw/all/B2MV-9_96_L1_R2_001.fastq.gz	DBM	high
B2-MV9	B2MV-9_96_L2	B2-MV9	L2	2	/data/users/rchoudhury/Biscutella_wgs_remapping_2025/data/raw/all/B2MV-9_96_L2_R1_001.fastq.gz	/data/users/rchoudhury/Biscutella_wgs_remapping_2025/data/raw/all/B2MV-9_96_L2_R2_001.fastq.gz	DBM	high
B2-MV9	B2MV-9_seq2_L2	B2-MV9	L2	2	/data/users/rchoudhury/Biscutella_wgs_remapping_2025/data/raw/all/B2MV-9_seq2_L2_R1_001.fastq.gz	/data/users/rchoudhury/Biscutella_wgs_remapping_2025/data/raw/all/B2MV-9_seq2_L2_R2_001.fastq.gz	DBM	high
K2-s2-12	K2S2-12_95_L1	K2-s2-12	L1	2	/data/users/rchoudhury/Biscutella_wgs_remapping_2025/data/raw/all/K2S2-12_95_L1_R1_001.fastq.gz	/data/users/rchoudhury/Biscutella_wgs_remapping_2025/data/raw/all/K2S2-12_95_L1_R2_001.fastq.gz	DKS	low
K2-s2-12	K2S2-12_95_L2	K2-s2-12	L2	2	/data/users/rchoudhury/Biscutella_wgs_remapping_2025/data/raw/all/K2S2-12_95_L2_R1_001.fastq.gz	/data/users/rchoudhury/Biscutella_wgs_remapping_2025/data/raw/all/K2S2-12_95_L2_R2_001.fastq.gz	DKS	low
K2-s2-12	K2S2-12_96_L1	K2-s2-12	L1	2	/data/users/rchoudhury/Biscutella_wgs_remapping_2025/data/raw/all/K2S2-12_96_L1_R1_001.fastq.gz	/data/users/rchoudhury/Biscutella_wgs_remapping_2025/data/raw/all/K2S2-12_96_L1_R2_001.fastq.gz	DKS	low
K2-s2-12	K2S2-12_96_L2	K2-s2-12	L2	2	/data/users/rchoudhury/Biscutella_wgs_remapping_2025/data/raw/all/K2S2-12_96_L2_R1_001.fastq.gz	/data/users/rchoudhury/Biscutella_wgs_remapping_2025/data/raw/all/K2S2-12_96_L2_R2_001.fastq.gz	DKS	low
K2-s2-3	K2S2-3_95_L1	K2-s2-3	L1	2	/data/users/rchoudhury/Biscutella_wgs_remapping_2025/data/raw/all/K2S2-3_95_L1_R1_001.fastq.gz	/data/users/rchoudhury/Biscutella_wgs_remapping_2025/data/raw/all/K2S2-3_95_L1_R2_001.fastq.gz	DKS	low
K2-s2-3	K2S2-3_95_L2	K2-s2-3	L2	2	/data/users/rchoudhury/Biscutella_wgs_remapping_2025/data/raw/all/K2S2-3_95_L2_R1_001.fastq.gz	/data/users/rchoudhury/Biscutella_wgs_remapping_2025/data/raw/all/K2S2-3_95_L2_R2_001.fastq.gz	DKS	low
K2-s2-3	K2S2-3_96_L1	K2-s2-3	L1	2	/data/users/rchoudhury/Biscutella_wgs_remapping_2025/data/raw/all/K2S2-3_96_L1_R1_001.fastq.gz	/data/users/rchoudhury/Biscutella_wgs_remapping_2025/data/raw/all/K2S2-3_96_L1_R2_001.fastq.gz	DKS	low
K2-s2-3	K2S2-3_96_L2	K2-s2-3	L2	2	/data/users/rchoudhury/Biscutella_wgs_remapping_2025/data/raw/all/K2S2-3_96_L2_R1_001.fastq.gz	/data/users/rchoudhury/Biscutella_wgs_remapping_2025/data/raw/all/K2S2-3_96_L2_R2_001.fastq.gz	DKS	low
K2-s2-3	K2S2-3_seq2_L2	K2-s2-3	L2	2	/data/users/rchoudhury/Biscutella_wgs_remapping_2025/data/raw/all/K2S2-3_seq2_L2_R1_001.fastq.gz	/data/users/rchoudhury/Biscutella_wgs_remapping_2025/data/raw/all/K2S2-3_seq2_L2_R2_001.fastq.gz	DKS	low
K2-s2-4	K2S2-4_95_L1	K2-s2-4	L1	2	/data/users/rchoudhury/Biscutella_wgs_remapping_2025/data/raw/all/K2S2-4_95_L1_R1_001.fastq.gz	/data/users/rchoudhury/Biscutella_wgs_remapping_2025/data/raw/all/K2S2-4_95_L1_R2_001.fastq.gz	DKS	low
K2-s2-4	K2S2-4_95_L2	K2-s2-4	L2	2	/data/users/rchoudhury/Biscutella_wgs_remapping_2025/data/raw/all/K2S2-4_95_L2_R1_001.fastq.gz	/data/users/rchoudhury/Biscutella_wgs_remapping_2025/data/raw/all/K2S2-4_95_L2_R2_001.fastq.gz	DKS	low
K2-s2-4	K2S2-4_96_L1	K2-s2-4	L1	2	/data/users/rchoudhury/Biscutella_wgs_remapping_2025/data/raw/all/K2S2-4_96_L1_R1_001.fastq.gz	/data/users/rchoudhury/Biscutella_wgs_remapping_2025/data/raw/all/K2S2-4_96_L1_R2_001.fastq.gz	DKS	low
K2-s2-4	K2S2-4_96_L2	K2-s2-4	L2	2	/data/users/rchoudhury/Biscutella_wgs_remapping_2025/data/raw/all/K2S2-4_96_L2_R1_001.fastq.gz	/data/users/rchoudhury/Biscutella_wgs_remapping_2025/data/raw/all/K2S2-4_96_L2_R2_001.fastq.gz	DKS	low
K2-s2-9	K2S2-9_95_L1	K2-s2-9	L1	2	/data/users/rchoudhury/Biscutella_wgs_remapping_2025/data/raw/all/K2S2-9_95_L1_R1_001.fastq.gz	/data/users/rchoudhury/Biscutella_wgs_remapping_2025/data/raw/all/K2S2-9_95_L1_R2_001.fastq.gz	DKS	low
K2-s2-9	K2S2-9_95_L2	K2-s2-9	L2	2	/data/users/rchoudhury/Biscutella_wgs_remapping_2025/data/raw/all/K2S2-9_95_L2_R1_001.fastq.gz	/data/users/rchoudhury/Biscutella_wgs_remapping_2025/data/raw/all/K2S2-9_95_L2_R2_001.fastq.gz	DKS	low
K2-s2-9	K2S2-9_96_L1	K2-s2-9	L1	2	/data/users/rchoudhury/Biscutella_wgs_remapping_2025/data/raw/all/K2S2-9_96_L1_R1_001.fastq.gz	/data/users/rchoudhury/Biscutella_wgs_remapping_2025/data/raw/all/K2S2-9_96_L1_R2_001.fastq.gz	DKS	low
K2-s2-9	K2S2-9_96_L2	K2-s2-9	L2	2	/data/users/rchoudhury/Biscutella_wgs_remapping_2025/data/raw/all/K2S2-9_96_L2_R1_001.fastq.gz	/data/users/rchoudhury/Biscutella_wgs_remapping_2025/data/raw/all/K2S2-9_96_L2_R2_001.fastq.gz	DKS	low
K2-s2-9	K2S2-9_seq2_L2	K2-s2-9	L2	2	/data/users/rchoudhury/Biscutella_wgs_remapping_2025/data/raw/all/K2S2-9_seq2_L2_R1_001.fastq.gz	/data/users/rchoudhury/Biscutella_wgs_remapping_2025/data/raw/all/K2S2-9_seq2_L2_R2_001.fastq.gz	DKS	low
K2-s2-A12	K2S2-A12_95_L1	K2-s2-A12	L1	2	/data/users/rchoudhury/Biscutella_wgs_remapping_2025/data/raw/all/K2S2-A12_95_L1_R1_001.fastq.gz	/data/users/rchoudhury/Biscutella_wgs_remapping_2025/data/raw/all/K2S2-A12_95_L1_R2_001.fastq.gz	DKS	low
K2-s2-A12	K2S2-A12_95_L2	K2-s2-A12	L2	2	/data/users/rchoudhury/Biscutella_wgs_remapping_2025/data/raw/all/K2S2-A12_95_L2_R1_001.fastq.gz	/data/users/rchoudhury/Biscutella_wgs_remapping_2025/data/raw/all/K2S2-A12_95_L2_R2_001.fastq.gz	DKS	low
K2-s2-A12	K2S2-A12_96_L1	K2-s2-A12	L1	2	/data/users/rchoudhury/Biscutella_wgs_remapping_2025/data/raw/all/K2S2-A12_96_L1_R1_001.fastq.gz	/data/users/rchoudhury/Biscutella_wgs_remapping_2025/data/raw/all/K2S2-A12_96_L1_R2_001.fastq.gz	DKS	low
K2-s2-A12	K2S2-A12_96_L2	K2-s2-A12	L2	2	/data/users/rchoudhury/Biscutella_wgs_remapping_2025/data/raw/all/K2S2-A12_96_L2_R1_001.fastq.gz	/data/users/rchoudhury/Biscutella_wgs_remapping_2025/data/raw/all/K2S2-A12_96_L2_R2_001.fastq.gz	DKS	low
K2-s2-A12	K2S2-A12_seq2_L2	K2-s2-A12	L2	2	/data/users/rchoudhury/Biscutella_wgs_remapping_2025/data/raw/all/K2S2-A12_seq2_L2_R1_001.fastq.gz	/data/users/rchoudhury/Biscutella_wgs_remapping_2025/data/raw/all/K2S2-A12_seq2_L2_R2_001.fastq.gz	DKS	low
K2-s2-A17	K2S2-A17_95_L1	K2-s2-A17	L1	2	/data/users/rchoudhury/Biscutella_wgs_remapping_2025/data/raw/all/K2S2-A17_95_L1_R1_001.fastq.gz	/data/users/rchoudhury/Biscutella_wgs_remapping_2025/data/raw/all/K2S2-A17_95_L1_R2_001.fastq.gz	DKS	low
K2-s2-A17	K2S2-A17_95_L2	K2-s2-A17	L2	2	/data/users/rchoudhury/Biscutella_wgs_remapping_2025/data/raw/all/K2S2-A17_95_L2_R1_001.fastq.gz	/data/users/rchoudhury/Biscutella_wgs_remapping_2025/data/raw/all/K2S2-A17_95_L2_R2_001.fastq.gz	DKS	low
K2-s2-A17	K2S2-A17_96_L1	K2-s2-A17	L1	2	/data/users/rchoudhury/Biscutella_wgs_remapping_2025/data/raw/all/K2S2-A17_96_L1_R1_001.fastq.gz	/data/users/rchoudhury/Biscutella_wgs_remapping_2025/data/raw/all/K2S2-A17_96_L1_R2_001.fastq.gz	DKS	low
K2-s2-A17	K2S2-A17_96_L2	K2-s2-A17	L2	2	/data/users/rchoudhury/Biscutella_wgs_remapping_2025/data/raw/all/K2S2-A17_96_L2_R1_001.fastq.gz	/data/users/rchoudhury/Biscutella_wgs_remapping_2025/data/raw/all/K2S2-A17_96_L2_R2_001.fastq.gz	DKS	low
K2-s2-A17	K2S2-A17_seq2_L2	K2-s2-A17	L2	2	/data/users/rchoudhury/Biscutella_wgs_remapping_2025/data/raw/all/K2S2-A17_seq2_L2_R1_001.fastq.gz	/data/users/rchoudhury/Biscutella_wgs_remapping_2025/data/raw/all/K2S2-A17_seq2_L2_R2_001.fastq.gz	DKS	low
K2-s2-A5	K2S2-A5_95_L1	K2-s2-A5	L1	2	/data/users/rchoudhury/Biscutella_wgs_remapping_2025/data/raw/all/K2S2-A5_95_L1_R1_001.fastq.gz	/data/users/rchoudhury/Biscutella_wgs_remapping_2025/data/raw/all/K2S2-A5_95_L1_R2_001.fastq.gz	DKS	low
K2-s2-A5	K2S2-A5_95_L2	K2-s2-A5	L2	2	/data/users/rchoudhury/Biscutella_wgs_remapping_2025/data/raw/all/K2S2-A5_95_L2_R1_001.fastq.gz	/data/users/rchoudhury/Biscutella_wgs_remapping_2025/data/raw/all/K2S2-A5_95_L2_R2_001.fastq.gz	DKS	low
K2-s2-A5	K2S2-A5_96_L1	K2-s2-A5	L1	2	/data/users/rchoudhury/Biscutella_wgs_remapping_2025/data/raw/all/K2S2-A5_96_L1_R1_001.fastq.gz	/data/users/rchoudhury/Biscutella_wgs_remapping_2025/data/raw/all/K2S2-A5_96_L1_R2_001.fastq.gz	DKS	low
K2-s2-A5	K2S2-A5_96_L2	K2-s2-A5	L2	2	/data/users/rchoudhury/Biscutella_wgs_remapping_2025/data/raw/all/K2S2-A5_96_L2_R1_001.fastq.gz	/data/users/rchoudhury/Biscutella_wgs_remapping_2025/data/raw/all/K2S2-A5_96_L2_R2_001.fastq.gz	DKS	low
K2-s2-A5	K2S2-A5_seq2_L2	K2-s2-A5	L2	2	/data/users/rchoudhury/Biscutella_wgs_remapping_2025/data/raw/all/K2S2-A5_seq2_L2_R1_001.fastq.gz	/data/users/rchoudhury/Biscutella_wgs_remapping_2025/data/raw/all/K2S2-A5_seq2_L2_R2_001.fastq.gz	DKS	low
RCB-A16	RCB-A16_95_L1	RCB-A16	L1	2	/data/users/rchoudhury/Biscutella_wgs_remapping_2025/data/raw/all/RCB-A16_95_L1_R1_001.fastq.gz	/data/users/rchoudhury/Biscutella_wgs_remapping_2025/data/raw/all/RCB-A16_95_L1_R2_001.fastq.gz	DPR	high
RCB-A16	RCB-A16_95_L2	RCB-A16	L2	2	/data/users/rchoudhury/Biscutella_wgs_remapping_2025/data/raw/all/RCB-A16_95_L2_R1_001.fastq.gz	/data/users/rchoudhury/Biscutella_wgs_remapping_2025/data/raw/all/RCB-A16_95_L2_R2_001.fastq.gz	DPR	high
RCB-A16	RCB-A16_96_L1	RCB-A16	L1	2	/data/users/rchoudhury/Biscutella_wgs_remapping_2025/data/raw/all/RCB-A16_96_L1_R1_001.fastq.gz	/data/users/rchoudhury/Biscutella_wgs_remapping_2025/data/raw/all/RCB-A16_96_L1_R2_001.fastq.gz	DPR	high
RCB-A16	RCB-A16_96_L2	RCB-A16	L2	2	/data/users/rchoudhury/Biscutella_wgs_remapping_2025/data/raw/all/RCB-A16_96_L2_R1_001.fastq.gz	/data/users/rchoudhury/Biscutella_wgs_remapping_2025/data/raw/all/RCB-A16_96_L2_R2_001.fastq.gz	DPR	high
RCB-A16	RCB-A16_seq2_L2	RCB-A16	L2	2	/data/users/rchoudhury/Biscutella_wgs_remapping_2025/data/raw/all/RCB-A16_seq2_L2_R1_001.fastq.gz	/data/users/rchoudhury/Biscutella_wgs_remapping_2025/data/raw/all/RCB-A16_seq2_L2_R2_001.fastq.gz	DPR	high
RCB-B15	RCB-B15_95_L1	RCB-B15	L1	2	/data/users/rchoudhury/Biscutella_wgs_remapping_2025/data/raw/all/RCB-B15_95_L1_R1_001.fastq.gz	/data/users/rchoudhury/Biscutella_wgs_remapping_2025/data/raw/all/RCB-B15_95_L1_R2_001.fastq.gz	DPR	high
RCB-B15	RCB-B15_95_L2	RCB-B15	L2	2	/data/users/rchoudhury/Biscutella_wgs_remapping_2025/data/raw/all/RCB-B15_95_L2_R1_001.fastq.gz	/data/users/rchoudhury/Biscutella_wgs_remapping_2025/data/raw/all/RCB-B15_95_L2_R2_001.fastq.gz	DPR	high
RCB-B15	RCB-B15_96_L1	RCB-B15	L1	2	/data/users/rchoudhury/Biscutella_wgs_remapping_2025/data/raw/all/RCB-B15_96_L1_R1_001.fastq.gz	/data/users/rchoudhury/Biscutella_wgs_remapping_2025/data/raw/all/RCB-B15_96_L1_R2_001.fastq.gz	DPR	high
RCB-B15	RCB-B15_96_L2	RCB-B15	L2	2	/data/users/rchoudhury/Biscutella_wgs_remapping_2025/data/raw/all/RCB-B15_96_L2_R1_001.fastq.gz	/data/users/rchoudhury/Biscutella_wgs_remapping_2025/data/raw/all/RCB-B15_96_L2_R2_001.fastq.gz	DPR	high
RCB-B17	RCB-B17_95_L1	RCB-B17	L1	2	/data/users/rchoudhury/Biscutella_wgs_remapping_2025/data/raw/all/RCB-B17_95_L1_R1_001.fastq.gz	/data/users/rchoudhury/Biscutella_wgs_remapping_2025/data/raw/all/RCB-B17_95_L1_R2_001.fastq.gz	DPR	high
RCB-B17	RCB-B17_95_L2	RCB-B17	L2	2	/data/users/rchoudhury/Biscutella_wgs_remapping_2025/data/raw/all/RCB-B17_95_L2_R1_001.fastq.gz	/data/users/rchoudhury/Biscutella_wgs_remapping_2025/data/raw/all/RCB-B17_95_L2_R2_001.fastq.gz	DPR	high
RCB-B17	RCB-B17_96_L1	RCB-B17	L1	2	/data/users/rchoudhury/Biscutella_wgs_remapping_2025/data/raw/all/RCB-B17_96_L1_R1_001.fastq.gz	/data/users/rchoudhury/Biscutella_wgs_remapping_2025/data/raw/all/RCB-B17_96_L1_R2_001.fastq.gz	DPR	high
RCB-B17	RCB-B17_96_L2	RCB-B17	L2	2	/data/users/rchoudhury/Biscutella_wgs_remapping_2025/data/raw/all/RCB-B17_96_L2_R1_001.fastq.gz	/data/users/rchoudhury/Biscutella_wgs_remapping_2025/data/raw/all/RCB-B17_96_L2_R2_001.fastq.gz	DPR	high
RCB-B18	RCB-B18_95_L1	RCB-B18	L1	2	/data/users/rchoudhury/Biscutella_wgs_remapping_2025/data/raw/all/RCB-B18_95_L1_R1_001.fastq.gz	/data/users/rchoudhury/Biscutella_wgs_remapping_2025/data/raw/all/RCB-B18_95_L1_R2_001.fastq.gz	DPR	high
RCB-B18	RCB-B18_95_L2	RCB-B18	L2	2	/data/users/rchoudhury/Biscutella_wgs_remapping_2025/data/raw/all/RCB-B18_95_L2_R1_001.fastq.gz	/data/users/rchoudhury/Biscutella_wgs_remapping_2025/data/raw/all/RCB-B18_95_L2_R2_001.fastq.gz	DPR	high
RCB-B18	RCB-B18_96_L1	RCB-B18	L1	2	/data/users/rchoudhury/Biscutella_wgs_remapping_2025/data/raw/all/RCB-B18_96_L1_R1_001.fastq.gz	/data/users/rchoudhury/Biscutella_wgs_remapping_2025/data/raw/all/RCB-B18_96_L1_R2_001.fastq.gz	DPR	high
RCB-B18	RCB-B18_96_L2	RCB-B18	L2	2	/data/users/rchoudhury/Biscutella_wgs_remapping_2025/data/raw/all/RCB-B18_96_L2_R1_001.fastq.gz	/data/users/rchoudhury/Biscutella_wgs_remapping_2025/data/raw/all/RCB-B18_96_L2_R2_001.fastq.gz	DPR	high
RCB-B19	RCB-B19_95_L1	RCB-B19	L1	2	/data/users/rchoudhury/Biscutella_wgs_remapping_2025/data/raw/all/RCB-B19_95_L1_R1_001.fastq.gz	/data/users/rchoudhury/Biscutella_wgs_remapping_2025/data/raw/all/RCB-B19_95_L1_R2_001.fastq.gz	DPR	high
RCB-B19	RCB-B19_95_L2	RCB-B19	L2	2	/data/users/rchoudhury/Biscutella_wgs_remapping_2025/data/raw/all/RCB-B19_95_L2_R1_001.fastq.gz	/data/users/rchoudhury/Biscutella_wgs_remapping_2025/data/raw/all/RCB-B19_95_L2_R2_001.fastq.gz	DPR	high
RCB-B19	RCB-B19_96_L1	RCB-B19	L1	2	/data/users/rchoudhury/Biscutella_wgs_remapping_2025/data/raw/all/RCB-B19_96_L1_R1_001.fastq.gz	/data/users/rchoudhury/Biscutella_wgs_remapping_2025/data/raw/all/RCB-B19_96_L1_R2_001.fastq.gz	DPR	high
RCB-B19	RCB-B19_96_L2	RCB-B19	L2	2	/data/users/rchoudhury/Biscutella_wgs_remapping_2025/data/raw/all/RCB-B19_96_L2_R1_001.fastq.gz	/data/users/rchoudhury/Biscutella_wgs_remapping_2025/data/raw/all/RCB-B19_96_L2_R2_001.fastq.gz	DPR	high
RCB-B19	RCB-B19_seq2_L2	RCB-B19	L2	2	/data/users/rchoudhury/Biscutella_wgs_remapping_2025/data/raw/all/RCB-B19_seq2_L2_R1_001.fastq.gz	/data/users/rchoudhury/Biscutella_wgs_remapping_2025/data/raw/all/RCB-B19_seq2_L2_R2_001.fastq.gz	DPR	high
RCB-C19	RCB-C19_95_L1	RCB-C19	L1	2	/data/users/rchoudhury/Biscutella_wgs_remapping_2025/data/raw/all/RCB-C19_95_L1_R1_001.fastq.gz	/data/users/rchoudhury/Biscutella_wgs_remapping_2025/data/raw/all/RCB-C19_95_L1_R2_001.fastq.gz	DPR	high
RCB-C19	RCB-C19_95_L2	RCB-C19	L2	2	/data/users/rchoudhury/Biscutella_wgs_remapping_2025/data/raw/all/RCB-C19_95_L2_R1_001.fastq.gz	/data/users/rchoudhury/Biscutella_wgs_remapping_2025/data/raw/all/RCB-C19_95_L2_R2_001.fastq.gz	DPR	high
RCB-C19	RCB-C19_96_L1	RCB-C19	L1	2	/data/users/rchoudhury/Biscutella_wgs_remapping_2025/data/raw/all/RCB-C19_96_L1_R1_001.fastq.gz	/data/users/rchoudhury/Biscutella_wgs_remapping_2025/data/raw/all/RCB-C19_96_L1_R2_001.fastq.gz	DPR	high
RCB-C19	RCB-C19_96_L2	RCB-C19	L2	2	/data/users/rchoudhury/Biscutella_wgs_remapping_2025/data/raw/all/RCB-C19_96_L2_R1_001.fastq.gz	/data/users/rchoudhury/Biscutella_wgs_remapping_2025/data/raw/all/RCB-C19_96_L2_R2_001.fastq.gz	DPR	high
RCB-C8	RCB-C8_95_L1	RCB-C8	L1	2	/data/users/rchoudhury/Biscutella_wgs_remapping_2025/data/raw/all/RCB-C8_95_L1_R1_001.fastq.gz	/data/users/rchoudhury/Biscutella_wgs_remapping_2025/data/raw/all/RCB-C8_95_L1_R2_001.fastq.gz	DPR	high
RCB-C8	RCB-C8_95_L2	RCB-C8	L2	2	/data/users/rchoudhury/Biscutella_wgs_remapping_2025/data/raw/all/RCB-C8_95_L2_R1_001.fastq.gz	/data/users/rchoudhury/Biscutella_wgs_remapping_2025/data/raw/all/RCB-C8_95_L2_R2_001.fastq.gz	DPR	high
RCB-C8	RCB-C8_96_L1	RCB-C8	L1	2	/data/users/rchoudhury/Biscutella_wgs_remapping_2025/data/raw/all/RCB-C8_96_L1_R1_001.fastq.gz	/data/users/rchoudhury/Biscutella_wgs_remapping_2025/data/raw/all/RCB-C8_96_L1_R2_001.fastq.gz	DPR	high
RCB-C8	RCB-C8_96_L2	RCB-C8	L2	2	/data/users/rchoudhury/Biscutella_wgs_remapping_2025/data/raw/all/RCB-C8_96_L2_R1_001.fastq.gz	/data/users/rchoudhury/Biscutella_wgs_remapping_2025/data/raw/all/RCB-C8_96_L2_R2_001.fastq.gz	DPR	high
V2-b11	V2B-11_95_L1	V2-b11	L1	2	/data/users/rchoudhury/Biscutella_wgs_remapping_2025/data/raw/all/V2B-11_95_L1_R1_001.fastq.gz	/data/users/rchoudhury/Biscutella_wgs_remapping_2025/data/raw/all/V2B-11_95_L1_R2_001.fastq.gz	DVB	low
V2-b11	V2B-11_95_L2	V2-b11	L2	2	/data/users/rchoudhury/Biscutella_wgs_remapping_2025/data/raw/all/V2B-11_95_L2_R1_001.fastq.gz	/data/users/rchoudhury/Biscutella_wgs_remapping_2025/data/raw/all/V2B-11_95_L2_R2_001.fastq.gz	DVB	low
V2-b11	V2B-11_96_L1	V2-b11	L1	2	/data/users/rchoudhury/Biscutella_wgs_remapping_2025/data/raw/all/V2B-11_96_L1_R1_001.fastq.gz	/data/users/rchoudhury/Biscutella_wgs_remapping_2025/data/raw/all/V2B-11_96_L1_R2_001.fastq.gz	DVB	low
V2-b11	V2B-11_96_L2	V2-b11	L2	2	/data/users/rchoudhury/Biscutella_wgs_remapping_2025/data/raw/all/V2B-11_96_L2_R1_001.fastq.gz	/data/users/rchoudhury/Biscutella_wgs_remapping_2025/data/raw/all/V2B-11_96_L2_R2_001.fastq.gz	DVB	low
V2-b18	V2B-18_95_L1	V2-b18	L1	2	/data/users/rchoudhury/Biscutella_wgs_remapping_2025/data/raw/all/V2B-18_95_L1_R1_001.fastq.gz	/data/users/rchoudhury/Biscutella_wgs_remapping_2025/data/raw/all/V2B-18_95_L1_R2_001.fastq.gz	DVB	low
V2-b18	V2B-18_95_L2	V2-b18	L2	2	/data/users/rchoudhury/Biscutella_wgs_remapping_2025/data/raw/all/V2B-18_95_L2_R1_001.fastq.gz	/data/users/rchoudhury/Biscutella_wgs_remapping_2025/data/raw/all/V2B-18_95_L2_R2_001.fastq.gz	DVB	low
V2-b18	V2B-18_96_L1	V2-b18	L1	2	/data/users/rchoudhury/Biscutella_wgs_remapping_2025/data/raw/all/V2B-18_96_L1_R1_001.fastq.gz	/data/users/rchoudhury/Biscutella_wgs_remapping_2025/data/raw/all/V2B-18_96_L1_R2_001.fastq.gz	DVB	low
V2-b18	V2B-18_96_L2	V2-b18	L2	2	/data/users/rchoudhury/Biscutella_wgs_remapping_2025/data/raw/all/V2B-18_96_L2_R1_001.fastq.gz	/data/users/rchoudhury/Biscutella_wgs_remapping_2025/data/raw/all/V2B-18_96_L2_R2_001.fastq.gz	DVB	low
V2-b19	V2B-19_95_L1	V2-b19	L1	2	/data/users/rchoudhury/Biscutella_wgs_remapping_2025/data/raw/all/V2B-19_95_L1_R1_001.fastq.gz	/data/users/rchoudhury/Biscutella_wgs_remapping_2025/data/raw/all/V2B-19_95_L1_R2_001.fastq.gz	DVB	low
V2-b19	V2B-19_95_L2	V2-b19	L2	2	/data/users/rchoudhury/Biscutella_wgs_remapping_2025/data/raw/all/V2B-19_95_L2_R1_001.fastq.gz	/data/users/rchoudhury/Biscutella_wgs_remapping_2025/data/raw/all/V2B-19_95_L2_R2_001.fastq.gz	DVB	low
V2-b19	V2B-19_96_L1	V2-b19	L1	2	/data/users/rchoudhury/Biscutella_wgs_remapping_2025/data/raw/all/V2B-19_96_L1_R1_001.fastq.gz	/data/users/rchoudhury/Biscutella_wgs_remapping_2025/data/raw/all/V2B-19_96_L1_R2_001.fastq.gz	DVB	low
V2-b19	V2B-19_96_L2	V2-b19	L2	2	/data/users/rchoudhury/Biscutella_wgs_remapping_2025/data/raw/all/V2B-19_96_L2_R1_001.fastq.gz	/data/users/rchoudhury/Biscutella_wgs_remapping_2025/data/raw/all/V2B-19_96_L2_R2_001.fastq.gz	DVB	low
V2-b20	V2B-20_95_L1	V2-b20	L1	2	/data/users/rchoudhury/Biscutella_wgs_remapping_2025/data/raw/all/V2B-20_95_L1_R1_001.fastq.gz	/data/users/rchoudhury/Biscutella_wgs_remapping_2025/data/raw/all/V2B-20_95_L1_R2_001.fastq.gz	DVB	low
V2-b20	V2B-20_95_L2	V2-b20	L2	2	/data/users/rchoudhury/Biscutella_wgs_remapping_2025/data/raw/all/V2B-20_95_L2_R1_001.fastq.gz	/data/users/rchoudhury/Biscutella_wgs_remapping_2025/data/raw/all/V2B-20_95_L2_R2_001.fastq.gz	DVB	low
V2-b20	V2B-20_96_L1	V2-b20	L1	2	/data/users/rchoudhury/Biscutella_wgs_remapping_2025/data/raw/all/V2B-20_96_L1_R1_001.fastq.gz	/data/users/rchoudhury/Biscutella_wgs_remapping_2025/data/raw/all/V2B-20_96_L1_R2_001.fastq.gz	DVB	low
V2-b20	V2B-20_96_L2	V2-b20	L2	2	/data/users/rchoudhury/Biscutella_wgs_remapping_2025/data/raw/all/V2B-20_96_L2_R1_001.fastq.gz	/data/users/rchoudhury/Biscutella_wgs_remapping_2025/data/raw/all/V2B-20_96_L2_R2_001.fastq.gz	DVB	low
V2-b3	V2B-3_95_L1	V2-b3	L1	2	/data/users/rchoudhury/Biscutella_wgs_remapping_2025/data/raw/all/V2B-3_95_L1_R1_001.fastq.gz	/data/users/rchoudhury/Biscutella_wgs_remapping_2025/data/raw/all/V2B-3_95_L1_R2_001.fastq.gz	DVB	low
V2-b3	V2B-3_95_L2	V2-b3	L2	2	/data/users/rchoudhury/Biscutella_wgs_remapping_2025/data/raw/all/V2B-3_95_L2_R1_001.fastq.gz	/data/users/rchoudhury/Biscutella_wgs_remapping_2025/data/raw/all/V2B-3_95_L2_R2_001.fastq.gz	DVB	low
V2-b3	V2B-3_96_L1	V2-b3	L1	2	/data/users/rchoudhury/Biscutella_wgs_remapping_2025/data/raw/all/V2B-3_96_L1_R1_001.fastq.gz	/data/users/rchoudhury/Biscutella_wgs_remapping_2025/data/raw/all/V2B-3_96_L1_R2_001.fastq.gz	DVB	low
V2-b3	V2B-3_96_L2	V2-b3	L2	2	/data/users/rchoudhury/Biscutella_wgs_remapping_2025/data/raw/all/V2B-3_96_L2_R1_001.fastq.gz	/data/users/rchoudhury/Biscutella_wgs_remapping_2025/data/raw/all/V2B-3_96_L2_R2_001.fastq.gz	DVB	low
V2-bA4	V2B-A4_95_L1	V2-bA4	L1	2	/data/users/rchoudhury/Biscutella_wgs_remapping_2025/data/raw/all/V2B-A4_95_L1_R1_001.fastq.gz	/data/users/rchoudhury/Biscutella_wgs_remapping_2025/data/raw/all/V2B-A4_95_L1_R2_001.fastq.gz	DVB	low
V2-bA4	V2B-A4_95_L2	V2-bA4	L2	2	/data/users/rchoudhury/Biscutella_wgs_remapping_2025/data/raw/all/V2B-A4_95_L2_R1_001.fastq.gz	/data/users/rchoudhury/Biscutella_wgs_remapping_2025/data/raw/all/V2B-A4_95_L2_R2_001.fastq.gz	DVB	low
V2-bA4	V2B-A4_96_L1	V2-bA4	L1	2	/data/users/rchoudhury/Biscutella_wgs_remapping_2025/data/raw/all/V2B-A4_96_L1_R1_001.fastq.gz	/data/users/rchoudhury/Biscutella_wgs_remapping_2025/data/raw/all/V2B-A4_96_L1_R2_001.fastq.gz	DVB	low
V2-bA4	V2B-A4_96_L2	V2-bA4	L2	2	/data/users/rchoudhury/Biscutella_wgs_remapping_2025/data/raw/all/V2B-A4_96_L2_R1_001.fastq.gz	/data/users/rchoudhury/Biscutella_wgs_remapping_2025/data/raw/all/V2B-A4_96_L2_R2_001.fastq.gz	DVB	low
V2-bA6	V2B-A6_95_L1	V2-bA6	L1	2	/data/users/rchoudhury/Biscutella_wgs_remapping_2025/data/raw/all/V2B-A6_95_L1_R1_001.fastq.gz	/data/users/rchoudhury/Biscutella_wgs_remapping_2025/data/raw/all/V2B-A6_95_L1_R2_001.fastq.gz	DVB	low
V2-bA6	V2B-A6_95_L2	V2-bA6	L2	2	/data/users/rchoudhury/Biscutella_wgs_remapping_2025/data/raw/all/V2B-A6_95_L2_R1_001.fastq.gz	/data/users/rchoudhury/Biscutella_wgs_remapping_2025/data/raw/all/V2B-A6_95_L2_R2_001.fastq.gz	DVB	low
V2-bA6	V2B-A6_96_L1	V2-bA6	L1	2	/data/users/rchoudhury/Biscutella_wgs_remapping_2025/data/raw/all/V2B-A6_96_L1_R1_001.fastq.gz	/data/users/rchoudhury/Biscutella_wgs_remapping_2025/data/raw/all/V2B-A6_96_L1_R2_001.fastq.gz	DVB	low
V2-bA6	V2B-A6_96_L2	V2-bA6	L2	2	/data/users/rchoudhury/Biscutella_wgs_remapping_2025/data/raw/all/V2B-A6_96_L2_R1_001.fastq.gz	/data/users/rchoudhury/Biscutella_wgs_remapping_2025/data/raw/all/V2B-A6_96_L2_R2_001.fastq.gz	DVB	low
BUC-10	BUC10_seq2_L1	BUC-10	L1	4	/data/users/rchoudhury/Biscutella_wgs_remapping_2025/data/raw/all/BUC10_seq2_L1_R1_001.fastq.gz	/data/users/rchoudhury/Biscutella_wgs_remapping_2025/data/raw/all/BUC10_seq2_L1_R2_001.fastq.gz	TBU	low
BUC-10	BUC10_L1	BUC-10	L1	4	/data/users/rchoudhury/Biscutella_wgs_remapping_2025/data/raw/all/BUC10_L1_R1_001_CKIwoXviAeef.fastq.gz	/data/users/rchoudhury/Biscutella_wgs_remapping_2025/data/raw/all/BUC10_L1_R2_001_twUAeqmQ4BoA.fastq.gz	TBU	low
BUC-10	BUC10_L2	BUC-10	L2	4	/data/users/rchoudhury/Biscutella_wgs_remapping_2025/data/raw/all/BUC10_L2_R1_001_seItghyReOKw.fastq.gz	/data/users/rchoudhury/Biscutella_wgs_remapping_2025/data/raw/all/BUC10_L2_R2_001_ErA8XJK3uObI.fastq.gz	TBU	low
BUC-10	BUC10_seq2_L2	BUC-10	L2	4	/data/users/rchoudhury/Biscutella_wgs_remapping_2025/data/raw/all/BUC10_seq2_L2_R1_001.fastq.gz	/data/users/rchoudhury/Biscutella_wgs_remapping_2025/data/raw/all/BUC10_seq2_L2_R2_001.fastq.gz	TBU	low
BUC-15	BUC15_L1	BUC-15	L1	4	/data/users/rchoudhury/Biscutella_wgs_remapping_2025/data/raw/all/BUC15_L1_R1_001_XcqyVJgR3KjF.fastq.gz	/data/users/rchoudhury/Biscutella_wgs_remapping_2025/data/raw/all/BUC15_L1_R2_001_RrHiFjy4NEHk.fastq.gz	TBU	low
BUC-15	BUC15_L2	BUC-15	L2	4	/data/users/rchoudhury/Biscutella_wgs_remapping_2025/data/raw/all/BUC15_L2_R1_001_yiTiBPwMiCb1.fastq.gz	/data/users/rchoudhury/Biscutella_wgs_remapping_2025/data/raw/all/BUC15_L2_R2_001_tz7BzBOAfkf2.fastq.gz	TBU	low
BUC-16	BUC16_L1	BUC-16	L1	4	/data/users/rchoudhury/Biscutella_wgs_remapping_2025/data/raw/all/BUC16_L1_R1_001_bPnHfM9sXhNm.fastq.gz	/data/users/rchoudhury/Biscutella_wgs_remapping_2025/data/raw/all/BUC16_L1_R2_001_ktjTYDIy899j.fastq.gz	TBU	low
BUC-16	BUC16_L2	BUC-16	L2	4	/data/users/rchoudhury/Biscutella_wgs_remapping_2025/data/raw/all/BUC16_L2_R1_001_6orGExKdsqG1.fastq.gz	/data/users/rchoudhury/Biscutella_wgs_remapping_2025/data/raw/all/BUC16_L2_R2_001_Vr4cyDBL571F.fastq.gz	TBU	low
BUC-18	BUC18_L1	BUC-18	L1	4	/data/users/rchoudhury/Biscutella_wgs_remapping_2025/data/raw/all/BUC18_L1_R1_001_u4nqvXaF1hfM.fastq.gz	/data/users/rchoudhury/Biscutella_wgs_remapping_2025/data/raw/all/BUC18_L1_R2_001_y3MgDeLkR0lU.fastq.gz	TBU	low
BUC-18	BUC18_L2	BUC-18	L2	4	/data/users/rchoudhury/Biscutella_wgs_remapping_2025/data/raw/all/BUC18_L2_R1_001_f1rvGaUe62Vo.fastq.gz	/data/users/rchoudhury/Biscutella_wgs_remapping_2025/data/raw/all/BUC18_L2_R2_001_xJ7uTsaxfKRh.fastq.gz	TBU	low
BUC-3	BUC3_L1	BUC-3	L1	4	/data/users/rchoudhury/Biscutella_wgs_remapping_2025/data/raw/all/BUC3_L1_R1_001_Pw2X5L6YjQO8.fastq.gz	/data/users/rchoudhury/Biscutella_wgs_remapping_2025/data/raw/all/BUC3_L1_R2_001_v78MHTzBlEnF.fastq.gz	TBU	low
BUC-3	BUC3_L2	BUC-3	L2	4	/data/users/rchoudhury/Biscutella_wgs_remapping_2025/data/raw/all/BUC3_L2_R1_001_pUFGZ3ea7fYI.fastq.gz	/data/users/rchoudhury/Biscutella_wgs_remapping_2025/data/raw/all/BUC3_L2_R2_001_wJWByuJllSIn.fastq.gz	TBU	low
BUC-5	BUC5_L1	BUC-5	L1	4	/data/users/rchoudhury/Biscutella_wgs_remapping_2025/data/raw/all/BUC5_L1_R1_001_3kbzPOBlGdoN.fastq.gz	/data/users/rchoudhury/Biscutella_wgs_remapping_2025/data/raw/all/BUC5_L1_R2_001_xjOgcjMwug9e.fastq.gz	TBU	low
BUC-5	BUC5_L2	BUC-5	L2	4	/data/users/rchoudhury/Biscutella_wgs_remapping_2025/data/raw/all/BUC5_L2_R1_001_wq7EB72HEzcm.fastq.gz	/data/users/rchoudhury/Biscutella_wgs_remapping_2025/data/raw/all/BUC5_L2_R2_001_oWivjByvDnMV.fastq.gz	TBU	low
BUC-7	BUC7_L1	BUC-7	L1	4	/data/users/rchoudhury/Biscutella_wgs_remapping_2025/data/raw/all/BUC7_L1_R1_001_Lb0je3Wganvt.fastq.gz	/data/users/rchoudhury/Biscutella_wgs_remapping_2025/data/raw/all/BUC7_L1_R2_001_c3yvZTbb6CX0.fastq.gz	TBU	low
BUC-7	BUC7_L2	BUC-7	L2	4	/data/users/rchoudhury/Biscutella_wgs_remapping_2025/data/raw/all/BUC7_L2_R1_001_rQ0hBL8V1M8R.fastq.gz	/data/users/rchoudhury/Biscutella_wgs_remapping_2025/data/raw/all/BUC7_L2_R2_001_P4ULmjwi3HCY.fastq.gz	TBU	low
BUC-9	BUC9_seq2_L1	BUC-9	L1	4	/data/users/rchoudhury/Biscutella_wgs_remapping_2025/data/raw/all/BUC9_seq2_L1_R1_001.fastq.gz	/data/users/rchoudhury/Biscutella_wgs_remapping_2025/data/raw/all/BUC9_seq2_L1_R2_001.fastq.gz	TBU	low
BUC-9	BUC9_L1	BUC-9	L1	4	/data/users/rchoudhury/Biscutella_wgs_remapping_2025/data/raw/all/BUC9_L1_R1_001_PMoG8fAk8LFK.fastq.gz	/data/users/rchoudhury/Biscutella_wgs_remapping_2025/data/raw/all/BUC9_L1_R2_001_irwPEGqZMChO.fastq.gz	TBU	low
BUC-9	BUC9_L2	BUC-9	L2	4	/data/users/rchoudhury/Biscutella_wgs_remapping_2025/data/raw/all/BUC9_L2_R1_001_ngFfyMS5lYKd.fastq.gz	/data/users/rchoudhury/Biscutella_wgs_remapping_2025/data/raw/all/BUC9_L2_R2_001_PyzyHzkda4c2.fastq.gz	TBU	low
BUC-9	BUC9_seq2_L2	BUC-9	L2	4	/data/users/rchoudhury/Biscutella_wgs_remapping_2025/data/raw/all/BUC9_seq2_L2_R1_001.fastq.gz	/data/users/rchoudhury/Biscutella_wgs_remapping_2025/data/raw/all/BUC9_seq2_L2_R2_001.fastq.gz	TBU	low
NAY-Aa3	NAYAa5_L1	NAY-Aa3	L1	4	/data/users/rchoudhury/Biscutella_wgs_remapping_2025/data/raw/all/NAYAa5_L1_R1_001_vwcLFbXwSiKe.fastq.gz	/data/users/rchoudhury/Biscutella_wgs_remapping_2025/data/raw/all/NAYAa5_L1_R2_001_CGwmNVLcPekj.fastq.gz	TNA	high
NAY-Aa3	NAYAa5_L2	NAY-Aa3	L2	4	/data/users/rchoudhury/Biscutella_wgs_remapping_2025/data/raw/all/NAYAa5_L2_R1_001_8xyyLEkQEa0V.fastq.gz	/data/users/rchoudhury/Biscutella_wgs_remapping_2025/data/raw/all/NAYAa5_L2_R2_001_IC5GE8MR2UBD.fastq.gz	TNA	high
NAY-Cb4	NAYCb4_L1	NAY-Cb4	L1	4	/data/users/rchoudhury/Biscutella_wgs_remapping_2025/data/raw/all/NAYCb4_L1_R1_001_1xzSgvvWyCpF.fastq.gz	/data/users/rchoudhury/Biscutella_wgs_remapping_2025/data/raw/all/NAYCb4_L1_R2_001_COTUyC4WQQNa.fastq.gz	TNA	high
NAY-Cb4	NAYCb4_L2	NAY-Cb4	L2	4	/data/users/rchoudhury/Biscutella_wgs_remapping_2025/data/raw/all/NAYCb4_L2_R1_001_29cMPUMD451Y.fastq.gz	/data/users/rchoudhury/Biscutella_wgs_remapping_2025/data/raw/all/NAYCb4_L2_R2_001_PAS12yzNyvYt.fastq.gz	TNA	high
NAY-Da2	NAYDa2_L1	NAY-Da2	L1	4	/data/users/rchoudhury/Biscutella_wgs_remapping_2025/data/raw/all/NAYDa2_L1_R1_001_6OQBVV1hLNd1.fastq.gz	/data/users/rchoudhury/Biscutella_wgs_remapping_2025/data/raw/all/NAYDa2_L1_R2_001_E7iPucBdVHqv.fastq.gz	TNA	high
NAY-Da2	NAYDa2_seq2_L1	NAY-Da2	L1	4	/data/users/rchoudhury/Biscutella_wgs_remapping_2025/data/raw/all/NAYDa2_seq2_L1_R1_001.fastq.gz	/data/users/rchoudhury/Biscutella_wgs_remapping_2025/data/raw/all/NAYDa2_seq2_L1_R2_001.fastq.gz	TNA	high
NAY-Da2	NAYDa2_L2	NAY-Da2	L2	4	/data/users/rchoudhury/Biscutella_wgs_remapping_2025/data/raw/all/NAYDa2_L2_R1_001_RQbQd3YK2rKq.fastq.gz	/data/users/rchoudhury/Biscutella_wgs_remapping_2025/data/raw/all/NAYDa2_L2_R2_001_A02nmpr6K3C0.fastq.gz	TNA	high
NAY-Da2	NAYDa2_seq2_L2	NAY-Da2	L2	4	/data/users/rchoudhury/Biscutella_wgs_remapping_2025/data/raw/all/NAYDa2_seq2_L2_R1_001.fastq.gz	/data/users/rchoudhury/Biscutella_wgs_remapping_2025/data/raw/all/NAYDa2_seq2_L2_R2_001.fastq.gz	TNA	high
NAY-Fa18	NAYFa18_seq2_L1	NAY-Fa18	L1	4	/data/users/rchoudhury/Biscutella_wgs_remapping_2025/data/raw/all/NAYFa18_seq2_L1_R1_001.fastq.gz	/data/users/rchoudhury/Biscutella_wgs_remapping_2025/data/raw/all/NAYFa18_seq2_L1_R2_001.fastq.gz	TNA	high
NAY-Fa18	NAYFa18_L1	NAY-Fa18	L1	4	/data/users/rchoudhury/Biscutella_wgs_remapping_2025/data/raw/all/NAYFa18_L1_R1_001_CMusHH9rLSZU.fastq.gz	/data/users/rchoudhury/Biscutella_wgs_remapping_2025/data/raw/all/NAYFa18_L1_R2_001_X95W8CUzNu30.fastq.gz	TNA	high
NAY-Fa18	NAYFa18_L2	NAY-Fa18	L2	4	/data/users/rchoudhury/Biscutella_wgs_remapping_2025/data/raw/all/NAYFa18_L2_R1_001_FkAJHP9hj8fn.fastq.gz	/data/users/rchoudhury/Biscutella_wgs_remapping_2025/data/raw/all/NAYFa18_L2_R2_001_tsUMEmejLyDb.fastq.gz	TNA	high
NAY-Fa18	NAYFa18_seq2_L2	NAY-Fa18	L2	4	/data/users/rchoudhury/Biscutella_wgs_remapping_2025/data/raw/all/NAYFa18_seq2_L2_R1_001.fastq.gz	/data/users/rchoudhury/Biscutella_wgs_remapping_2025/data/raw/all/NAYFa18_seq2_L2_R2_001.fastq.gz	TNA	high
NAY-Ha7	NAYHa7_L1	NAY-Ha7	L1	4	/data/users/rchoudhury/Biscutella_wgs_remapping_2025/data/raw/all/NAYHa7_L1_R1_001_bEzdIFcPNYuP.fastq.gz	/data/users/rchoudhury/Biscutella_wgs_remapping_2025/data/raw/all/NAYHa7_L1_R2_001_iGW6FgD4Ms4R.fastq.gz	TNA	high
NAY-Ha7	NAYHa7_L2	NAY-Ha7	L2	4	/data/users/rchoudhury/Biscutella_wgs_remapping_2025/data/raw/all/NAYHa7_L2_R1_001_chJcRomsf1tg.fastq.gz	/data/users/rchoudhury/Biscutella_wgs_remapping_2025/data/raw/all/NAYHa7_L2_R2_001_KpCohW7gGef4.fastq.gz	TNA	high
NAY-Ic2	NAYIc2_L1	NAY-Ic2	L1	4	/data/users/rchoudhury/Biscutella_wgs_remapping_2025/data/raw/all/NAYIc2_L1_R1_001_SNDFGzM0Na04.fastq.gz	/data/users/rchoudhury/Biscutella_wgs_remapping_2025/data/raw/all/NAYIc2_L1_R2_001_96g1bdaDbxtp.fastq.gz	TNA	high
NAY-Ic2	NAYIc2_L2	NAY-Ic2	L2	4	/data/users/rchoudhury/Biscutella_wgs_remapping_2025/data/raw/all/NAYIc2_L2_R1_001_e3lRvPtr2jR2.fastq.gz	/data/users/rchoudhury/Biscutella_wgs_remapping_2025/data/raw/all/NAYIc2_L2_R2_001_UeMRJNPaBu1k.fastq.gz	TNA	high
NAY-Lc5	NAYLc5_L1	NAY-Lc5	L1	4	/data/users/rchoudhury/Biscutella_wgs_remapping_2025/data/raw/all/NAYLc5_L1_R1_001_9ezZhUPvlcnk.fastq.gz	/data/users/rchoudhury/Biscutella_wgs_remapping_2025/data/raw/all/NAYLc5_L1_R2_001_KgK3C6mNHfRw.fastq.gz	TNA	high
NAY-Lc5	NAYLc5_L2	NAY-Lc5	L2	4	/data/users/rchoudhury/Biscutella_wgs_remapping_2025/data/raw/all/NAYLc5_L2_R1_001_FqXQM84NNejF.fastq.gz	/data/users/rchoudhury/Biscutella_wgs_remapping_2025/data/raw/all/NAYLc5_L2_R2_001_j24slqwEtlNp.fastq.gz	TNA	high
NAY-Z19	NAYZ19_L1	NAY-Z19	L1	4	/data/users/rchoudhury/Biscutella_wgs_remapping_2025/data/raw/all/NAYZ19_L1_R1_001_zqlNDWUbb5l3.fastq.gz	/data/users/rchoudhury/Biscutella_wgs_remapping_2025/data/raw/all/NAYZ19_L1_R2_001_QJzBuXEwYaiN.fastq.gz	TNA	high
NAY-Z19	NAYZ19_L2	NAY-Z19	L2	4	/data/users/rchoudhury/Biscutella_wgs_remapping_2025/data/raw/all/NAYZ19_L2_R1_001_J9XAdghi4OJF.fastq.gz	/data/users/rchoudhury/Biscutella_wgs_remapping_2025/data/raw/all/NAYZ19_L2_R2_001_DJX8KHsAEgqa.fastq.gz	TNA	high
PRE-10	PRE10_seq2_L1	PRE-10	L1	4	/data/users/rchoudhury/Biscutella_wgs_remapping_2025/data/raw/all/PRE10_seq2_L1_R1_001.fastq.gz	/data/users/rchoudhury/Biscutella_wgs_remapping_2025/data/raw/all/PRE10_seq2_L1_R2_001.fastq.gz	TPR	low
PRE-10	PRE10_L1	PRE-10	L1	4	/data/users/rchoudhury/Biscutella_wgs_remapping_2025/data/raw/all/PRE10_L1_R1_001_BZFnSiebA8Pm.fastq.gz	/data/users/rchoudhury/Biscutella_wgs_remapping_2025/data/raw/all/PRE10_L1_R2_001_VRjCDoFA776a.fastq.gz	TPR	low
PRE-10	PRE10_L2	PRE-10	L2	4	/data/users/rchoudhury/Biscutella_wgs_remapping_2025/data/raw/all/PRE10_L2_R1_001_jVm8tXl8McH6.fastq.gz	/data/users/rchoudhury/Biscutella_wgs_remapping_2025/data/raw/all/PRE10_L2_R2_001_l9kIi5MfKxLs.fastq.gz	TPR	low
PRE-10	PRE10_seq2_L2	PRE-10	L2	4	/data/users/rchoudhury/Biscutella_wgs_remapping_2025/data/raw/all/PRE10_seq2_L2_R1_001.fastq.gz	/data/users/rchoudhury/Biscutella_wgs_remapping_2025/data/raw/all/PRE10_seq2_L2_R2_001.fastq.gz	TPR	low
PRE-11	PRE11_L1	PRE-11	L1	4	/data/users/rchoudhury/Biscutella_wgs_remapping_2025/data/raw/all/PRE11_L1_R1_001_vU5Dh8CoWmWE.fastq.gz	/data/users/rchoudhury/Biscutella_wgs_remapping_2025/data/raw/all/PRE11_L1_R2_001_vVpo1z7EegMK.fastq.gz	TPR	low
PRE-11	PRE11_L2	PRE-11	L2	4	/data/users/rchoudhury/Biscutella_wgs_remapping_2025/data/raw/all/PRE11_L2_R1_001_FKDa5bQ3C1x1.fastq.gz	/data/users/rchoudhury/Biscutella_wgs_remapping_2025/data/raw/all/PRE11_L2_R2_001_Mks6eT7PDMHK.fastq.gz	TPR	low
PRE-2	PRE2_L1	PRE-2	L1	4	/data/users/rchoudhury/Biscutella_wgs_remapping_2025/data/raw/all/PRE2_L1_R1_001_c9aScb7i5JP4.fastq.gz	/data/users/rchoudhury/Biscutella_wgs_remapping_2025/data/raw/all/PRE2_L1_R2_001_Lph6FKrLSMxB.fastq.gz	TPR	low
PRE-2	PRE2_L2	PRE-2	L2	4	/data/users/rchoudhury/Biscutella_wgs_remapping_2025/data/raw/all/PRE2_L2_R1_001_y8GVcUzwqwcv.fastq.gz	/data/users/rchoudhury/Biscutella_wgs_remapping_2025/data/raw/all/PRE2_L2_R2_001_VOfuaDFXJbvM.fastq.gz	TPR	low
PRE-4	PRE4_L1	PRE-4	L1	4	/data/users/rchoudhury/Biscutella_wgs_remapping_2025/data/raw/all/PRE4_L1_R1_001_VoQxrJKO2eoA.fastq.gz	/data/users/rchoudhury/Biscutella_wgs_remapping_2025/data/raw/all/PRE4_L1_R2_001_CzNYpYx9L1Fe.fastq.gz	TPR	low
PRE-4	PRE4_L2	PRE-4	L2	4	/data/users/rchoudhury/Biscutella_wgs_remapping_2025/data/raw/all/PRE4_L2_R1_001_mPehS5eYVey8.fastq.gz	/data/users/rchoudhury/Biscutella_wgs_remapping_2025/data/raw/all/PRE4_L2_R2_001_9G9bXoGia3R0.fastq.gz	TPR	low
PRE-5	PRE5_L1	PRE-5	L1	4	/data/users/rchoudhury/Biscutella_wgs_remapping_2025/data/raw/all/PRE5_L1_R1_001_ekNEeOoOks8P.fastq.gz	/data/users/rchoudhury/Biscutella_wgs_remapping_2025/data/raw/all/PRE5_L1_R2_001_3J4fythL11g8.fastq.gz	TPR	low
PRE-5	PRE5_L2	PRE-5	L2	4	/data/users/rchoudhury/Biscutella_wgs_remapping_2025/data/raw/all/PRE5_L2_R1_001_gOruqrZGb7gL.fastq.gz	/data/users/rchoudhury/Biscutella_wgs_remapping_2025/data/raw/all/PRE5_L2_R2_001_mrFGGhNRJ3bE.fastq.gz	TPR	low
PRE-7	PRE7_L1	PRE-7	L1	4	/data/users/rchoudhury/Biscutella_wgs_remapping_2025/data/raw/all/PRE7_L1_R1_001_5WmQvpseOOM1.fastq.gz	/data/users/rchoudhury/Biscutella_wgs_remapping_2025/data/raw/all/PRE7_L1_R2_001_jfkYriuJ1ymS.fastq.gz	TPR	low
PRE-7	PRE7_L2	PRE-7	L2	4	/data/users/rchoudhury/Biscutella_wgs_remapping_2025/data/raw/all/PRE7_L2_R1_001_MgUgs3LoS9ev.fastq.gz	/data/users/rchoudhury/Biscutella_wgs_remapping_2025/data/raw/all/PRE7_L2_R2_001_k4Lug258cyZN.fastq.gz	TPR	low
PRE-8	PRE8_L1	PRE-8	L1	4	/data/users/rchoudhury/Biscutella_wgs_remapping_2025/data/raw/all/PRE8_L1_R1_001_ALBdp3W8AtP4.fastq.gz	/data/users/rchoudhury/Biscutella_wgs_remapping_2025/data/raw/all/PRE8_L1_R2_001_lP8wbi2ZJCcP.fastq.gz	TPR	low
PRE-8	PRE8_L2	PRE-8	L2	4	/data/users/rchoudhury/Biscutella_wgs_remapping_2025/data/raw/all/PRE8_L2_R1_001_2pKHLo7mr3Sw.fastq.gz	/data/users/rchoudhury/Biscutella_wgs_remapping_2025/data/raw/all/PRE8_L2_R2_001_58ab53Np3MGF.fastq.gz	TPR	low
PRE-9	PRE9_L1	PRE-9	L1	4	/data/users/rchoudhury/Biscutella_wgs_remapping_2025/data/raw/all/PRE9_L1_R1_001_sozP4dC1qvyt.fastq.gz	/data/users/rchoudhury/Biscutella_wgs_remapping_2025/data/raw/all/PRE9_L1_R2_001_3sAEZe9owFiU.fastq.gz	TPR	low
PRE-9	PRE9_L2	PRE-9	L2	4	/data/users/rchoudhury/Biscutella_wgs_remapping_2025/data/raw/all/PRE9_L2_R1_001_IRY6ClZUHtBK.fastq.gz	/data/users/rchoudhury/Biscutella_wgs_remapping_2025/data/raw/all/PRE9_L2_R2_001_hP9O19tzagC1.fastq.gz	TPR	low
RAM-11	RAM11_L1	RAM-11	L1	4	/data/users/rchoudhury/Biscutella_wgs_remapping_2025/data/raw/all/RAM11_L1_R1_001_6N9lVhbkz4Za.fastq.gz	/data/users/rchoudhury/Biscutella_wgs_remapping_2025/data/raw/all/RAM11_L1_R2_001_n1yl18fTNT0S.fastq.gz	TRA	high
RAM-11	RAM11_L2	RAM-11	L2	4	/data/users/rchoudhury/Biscutella_wgs_remapping_2025/data/raw/all/RAM11_L2_R1_001_M3GzCMXix0lE.fastq.gz	/data/users/rchoudhury/Biscutella_wgs_remapping_2025/data/raw/all/RAM11_L2_R2_001_64PTYqHrptEO.fastq.gz	TRA	high
RAM-15	RAM15_L1	RAM-15	L1	4	/data/users/rchoudhury/Biscutella_wgs_remapping_2025/data/raw/all/RAM15_L1_R1_001_mQcwRBr0Rc4k.fastq.gz	/data/users/rchoudhury/Biscutella_wgs_remapping_2025/data/raw/all/RAM15_L1_R2_001_o1fiV6Zvaqsi.fastq.gz	TRA	high
RAM-15	RAM15_L2	RAM-15	L2	4	/data/users/rchoudhury/Biscutella_wgs_remapping_2025/data/raw/all/RAM15_L2_R1_001_GYxXCDCCYnFJ.fastq.gz	/data/users/rchoudhury/Biscutella_wgs_remapping_2025/data/raw/all/RAM15_L2_R2_001_ygsZ5LxJ2Qjb.fastq.gz	TRA	high
RAM-16	RAM16_L1	RAM-16	L1	4	/data/users/rchoudhury/Biscutella_wgs_remapping_2025/data/raw/all/RAM16_L1_R1_001_RcGk2SNfdJsQ.fastq.gz	/data/users/rchoudhury/Biscutella_wgs_remapping_2025/data/raw/all/RAM16_L1_R2_001_EeaoyrG6WyXO.fastq.gz	TRA	high
RAM-16	RAM16_L2	RAM-16	L2	4	/data/users/rchoudhury/Biscutella_wgs_remapping_2025/data/raw/all/RAM16_L2_R1_001_pmusV33tNNuI.fastq.gz	/data/users/rchoudhury/Biscutella_wgs_remapping_2025/data/raw/all/RAM16_L2_R2_001_NZ7nyOCkCuHG.fastq.gz	TRA	high
RAM-18	RAM18_L1	RAM-18	L1	4	/data/users/rchoudhury/Biscutella_wgs_remapping_2025/data/raw/all/RAM18_L1_R1_001_eijRTUP443ul.fastq.gz	/data/users/rchoudhury/Biscutella_wgs_remapping_2025/data/raw/all/RAM18_L1_R2_001_JRxoFnta5oBb.fastq.gz	TRA	high
RAM-18	RAM18_L2	RAM-18	L2	4	/data/users/rchoudhury/Biscutella_wgs_remapping_2025/data/raw/all/RAM18_L2_R1_001_Ff0beuSH9qaj.fastq.gz	/data/users/rchoudhury/Biscutella_wgs_remapping_2025/data/raw/all/RAM18_L2_R2_001_JIXC7FadPpnI.fastq.gz	TRA	high
RAM-1	RAM1_L1	RAM-1	L1	4	/data/users/rchoudhury/Biscutella_wgs_remapping_2025/data/raw/all/RAM1_L1_R1_001_JcMhlJ0Gfri5.fastq.gz	/data/users/rchoudhury/Biscutella_wgs_remapping_2025/data/raw/all/RAM1_L1_R2_001_xACNu3jEf8RH.fastq.gz	TRA	high
RAM-1	RAM1_L2	RAM-1	L2	4	/data/users/rchoudhury/Biscutella_wgs_remapping_2025/data/raw/all/RAM1_L2_R1_001_r0I4SBcNTjRi.fastq.gz	/data/users/rchoudhury/Biscutella_wgs_remapping_2025/data/raw/all/RAM1_L2_R2_001_tbdTQpoBbHSY.fastq.gz	TRA	high
RAM-20	RAM20_L1	RAM-20	L1	4	/data/users/rchoudhury/Biscutella_wgs_remapping_2025/data/raw/all/RAM20_L1_R1_001_4WHn0U4CIk7y.fastq.gz	/data/users/rchoudhury/Biscutella_wgs_remapping_2025/data/raw/all/RAM20_L1_R2_001_4OuEuGbhvTas.fastq.gz	TRA	high
RAM-20	RAM20_L2	RAM-20	L2	4	/data/users/rchoudhury/Biscutella_wgs_remapping_2025/data/raw/all/RAM20_L2_R1_001_nOC7kV12sSxN.fastq.gz	/data/users/rchoudhury/Biscutella_wgs_remapping_2025/data/raw/all/RAM20_L2_R2_001_Vy5EmyMwOyuk.fastq.gz	TRA	high
RAM-3	RAM3_L1	RAM-3	L1	4	/data/users/rchoudhury/Biscutella_wgs_remapping_2025/data/raw/all/RAM3_L1_R1_001_UPUSfeINXj1e.fastq.gz	/data/users/rchoudhury/Biscutella_wgs_remapping_2025/data/raw/all/RAM3_L1_R2_001_edVu8cgP4v7c.fastq.gz	TRA	high
RAM-3	RAM3_L2	RAM-3	L2	4	/data/users/rchoudhury/Biscutella_wgs_remapping_2025/data/raw/all/RAM3_L2_R1_001_vLgkACXdN8XK.fastq.gz	/data/users/rchoudhury/Biscutella_wgs_remapping_2025/data/raw/all/RAM3_L2_R2_001_5aefeykD5Ju4.fastq.gz	TRA	high
RAM-7	RAM7_L1	RAM-7	L1	4	/data/users/rchoudhury/Biscutella_wgs_remapping_2025/data/raw/all/RAM7_L1_R1_001_Y8PSaNJz8xGk.fastq.gz	/data/users/rchoudhury/Biscutella_wgs_remapping_2025/data/raw/all/RAM7_L1_R2_001_rZXycIUgMr7y.fastq.gz	TRA	high
RAM-7	RAM7_L2	RAM-7	L2	4	/data/users/rchoudhury/Biscutella_wgs_remapping_2025/data/raw/all/RAM7_L2_R1_001_9nQzc0mweD1u.fastq.gz	/data/users/rchoudhury/Biscutella_wgs_remapping_2025/data/raw/all/RAM7_L2_R2_001_NELxWzQxWNnz.fastq.gz	TRA	high
s3-11	S311_L1	s3-11	L1	4	/data/users/rchoudhury/Biscutella_wgs_remapping_2025/data/raw/all/S311_L1_R1_001_HJTCElIei9ei.fastq.gz	/data/users/rchoudhury/Biscutella_wgs_remapping_2025/data/raw/all/S311_L1_R2_001_cgppTCFTT4eP.fastq.gz	TDS	high
s3-11	S311_L2	s3-11	L2	4	/data/users/rchoudhury/Biscutella_wgs_remapping_2025/data/raw/all/S311_L2_R1_001_2WSSKmlyebWF.fastq.gz	/data/users/rchoudhury/Biscutella_wgs_remapping_2025/data/raw/all/S311_L2_R2_001_g7rKKcnY6SwI.fastq.gz	TDS	high
s3-12	S312_seq2_L1	s3-12	L1	4	/data/users/rchoudhury/Biscutella_wgs_remapping_2025/data/raw/all/S312_seq2_L1_R1_001.fastq.gz	/data/users/rchoudhury/Biscutella_wgs_remapping_2025/data/raw/all/S312_seq2_L1_R2_001.fastq.gz	TDS	high
s3-12	S312_L1	s3-12	L1	4	/data/users/rchoudhury/Biscutella_wgs_remapping_2025/data/raw/all/S312_L1_R1_001_cOJ7k84Omud2.fastq.gz	/data/users/rchoudhury/Biscutella_wgs_remapping_2025/data/raw/all/S312_L1_R2_001_oRFMKnHumBrQ.fastq.gz	TDS	high
s3-12	S312_L2	s3-12	L2	4	/data/users/rchoudhury/Biscutella_wgs_remapping_2025/data/raw/all/S312_L2_R1_001_mIzIAkmxklQ3.fastq.gz	/data/users/rchoudhury/Biscutella_wgs_remapping_2025/data/raw/all/S312_L2_R2_001_W8yOV5tJmNoO.fastq.gz	TDS	high
s3-12	S312_seq2_L2	s3-12	L2	4	/data/users/rchoudhury/Biscutella_wgs_remapping_2025/data/raw/all/S312_seq2_L2_R1_001.fastq.gz	/data/users/rchoudhury/Biscutella_wgs_remapping_2025/data/raw/all/S312_seq2_L2_R2_001.fastq.gz	TDS	high
s3-13	S313_L1	s3-13	L1	4	/data/users/rchoudhury/Biscutella_wgs_remapping_2025/data/raw/all/S313_L1_R1_001_XifDwm9NaBQP.fastq.gz	/data/users/rchoudhury/Biscutella_wgs_remapping_2025/data/raw/all/S313_L1_R2_001_0i6sxVTdAzuD.fastq.gz	TDS	high
s3-13	S313_seq2_L1	s3-13	L1	4	/data/users/rchoudhury/Biscutella_wgs_remapping_2025/data/raw/all/S313_seq2_L1_R1_001.fastq.gz	/data/users/rchoudhury/Biscutella_wgs_remapping_2025/data/raw/all/S313_seq2_L1_R2_001.fastq.gz	TDS	high
s3-13	S313_L2	s3-13	L2	4	/data/users/rchoudhury/Biscutella_wgs_remapping_2025/data/raw/all/S313_L2_R1_001_CwLYCWeTdYc8.fastq.gz	/data/users/rchoudhury/Biscutella_wgs_remapping_2025/data/raw/all/S313_L2_R2_001_z0kCK8vacOAP.fastq.gz	TDS	high
s3-13	S313_seq2_L2	s3-13	L2	4	/data/users/rchoudhury/Biscutella_wgs_remapping_2025/data/raw/all/S313_seq2_L2_R1_001.fastq.gz	/data/users/rchoudhury/Biscutella_wgs_remapping_2025/data/raw/all/S313_seq2_L2_R2_001.fastq.gz	TDS	high
s3-3	S33_L1	s3-3	L1	4	/data/users/rchoudhury/Biscutella_wgs_remapping_2025/data/raw/all/S33_L1_R1_001_Uwf5em1vQ8dL.fastq.gz	/data/users/rchoudhury/Biscutella_wgs_remapping_2025/data/raw/all/S33_L1_R2_001_h4SflWr59YWu.fastq.gz	TDS	high
s3-3	S33_L2	s3-3	L2	4	/data/users/rchoudhury/Biscutella_wgs_remapping_2025/data/raw/all/S33_L2_R1_001_1pNlBCG3tdTt.fastq.gz	/data/users/rchoudhury/Biscutella_wgs_remapping_2025/data/raw/all/S33_L2_R2_001_IG3aEt1nlIBD.fastq.gz	TDS	high
s3-5	S35_L1	s3-5	L1	4	/data/users/rchoudhury/Biscutella_wgs_remapping_2025/data/raw/all/S35_L1_R1_001_hqCHoR1hExTu.fastq.gz	/data/users/rchoudhury/Biscutella_wgs_remapping_2025/data/raw/all/S35_L1_R2_001_1vSM9Np6IhXe.fastq.gz	TDS	high
s3-5	S35_L2	s3-5	L2	4	/data/users/rchoudhury/Biscutella_wgs_remapping_2025/data/raw/all/S35_L2_R1_001_2oHIjjNfuT9w.fastq.gz	/data/users/rchoudhury/Biscutella_wgs_remapping_2025/data/raw/all/S35_L2_R2_001_DKcw5gb6CoR5.fastq.gz	TDS	high
s3-6	S36_L1	s3-6	L1	4	/data/users/rchoudhury/Biscutella_wgs_remapping_2025/data/raw/all/S36_L1_R1_001_I93RWswbHwQW.fastq.gz	/data/users/rchoudhury/Biscutella_wgs_remapping_2025/data/raw/all/S36_L1_R2_001_uMaCZ7bMxAki.fastq.gz	TDS	high
s3-6	S36_L2	s3-6	L2	4	/data/users/rchoudhury/Biscutella_wgs_remapping_2025/data/raw/all/S36_L2_R1_001_sQJuOYfvQ9Y8.fastq.gz	/data/users/rchoudhury/Biscutella_wgs_remapping_2025/data/raw/all/S36_L2_R2_001_7JZM9Xui2H6Z.fastq.gz	TDS	high
s3-7	S37_L1	s3-7	L1	4	/data/users/rchoudhury/Biscutella_wgs_remapping_2025/data/raw/all/S37_L1_R1_001_rmqVfQQ3LBm3.fastq.gz	/data/users/rchoudhury/Biscutella_wgs_remapping_2025/data/raw/all/S37_L1_R2_001_ZrLG46DHDXwV.fastq.gz	TDS	high
s3-7	S37_L2	s3-7	L2	4	/data/users/rchoudhury/Biscutella_wgs_remapping_2025/data/raw/all/S37_L2_R1_001_pEqaLzLWP0Cl.fastq.gz	/data/users/rchoudhury/Biscutella_wgs_remapping_2025/data/raw/all/S37_L2_R2_001_W207GfvEUPPc.fastq.gz	TDS	high
s3-8	S38_seq2_L1	s3-8	L1	4	/data/users/rchoudhury/Biscutella_wgs_remapping_2025/data/raw/all/S38_seq2_L1_R1_001.fastq.gz	/data/users/rchoudhury/Biscutella_wgs_remapping_2025/data/raw/all/S38_seq2_L1_R2_001.fastq.gz	TDS	high
s3-8	S38_L1	s3-8	L1	4	/data/users/rchoudhury/Biscutella_wgs_remapping_2025/data/raw/all/S38_L1_R1_001_z8nvz1h0GmEh.fastq.gz	/data/users/rchoudhury/Biscutella_wgs_remapping_2025/data/raw/all/S38_L1_R2_001_jkgJc3e2qbJt.fastq.gz	TDS	high
s3-8	S38_L2	s3-8	L2	4	/data/users/rchoudhury/Biscutella_wgs_remapping_2025/data/raw/all/S38_L2_R1_001_laP3QQQdzIdu.fastq.gz	/data/users/rchoudhury/Biscutella_wgs_remapping_2025/data/raw/all/S38_L2_R2_001_WSpiqFSUky23.fastq.gz	TDS	high
s3-8	S38_seq2_L2	s3-8	L2	4	/data/users/rchoudhury/Biscutella_wgs_remapping_2025/data/raw/all/S38_seq2_L2_R1_001.fastq.gz	/data/users/rchoudhury/Biscutella_wgs_remapping_2025/data/raw/all/S38_seq2_L2_R2_001.fastq.gz	TDS	high
FUL-10	FUL10_seq2_L1	FUL-10	L1	4	/data/users/rchoudhury/Biscutella_wgs_remapping_2025/data/raw/all/FUL10_seq2_L1_R1_001.fastq.gz	/data/users/rchoudhury/Biscutella_wgs_remapping_2025/data/raw/all/FUL10_seq2_L1_R2_001.fastq.gz	TFU	low
FUL-10	FUL10_L1	FUL-10	L1	4	/data/users/rchoudhury/Biscutella_wgs_remapping_2025/data/raw/all/FUL10_L1_R1_001_GPGphzIPyz8r.fastq.gz	/data/users/rchoudhury/Biscutella_wgs_remapping_2025/data/raw/all/FUL10_L1_R2_001_GfD6VFk5OKsL.fastq.gz	TFU	low
FUL-10	FUL10_L2	FUL-10	L2	4	/data/users/rchoudhury/Biscutella_wgs_remapping_2025/data/raw/all/FUL10_L2_R1_001_6RdJCrXAdagI.fastq.gz	/data/users/rchoudhury/Biscutella_wgs_remapping_2025/data/raw/all/FUL10_L2_R2_001_bIzEigG7nyKR.fastq.gz	TFU	low
FUL-10	FUL10_seq2_L2	FUL-10	L2	4	/data/users/rchoudhury/Biscutella_wgs_remapping_2025/data/raw/all/FUL10_seq2_L2_R1_001.fastq.gz	/data/users/rchoudhury/Biscutella_wgs_remapping_2025/data/raw/all/FUL10_seq2_L2_R2_001.fastq.gz	TFU	low
FUL-11	FUL11_L1	FUL-11	L1	4	/data/users/rchoudhury/Biscutella_wgs_remapping_2025/data/raw/all/FUL11_L1_R1_001_FXhhVcJ7xSXt.fastq.gz	/data/users/rchoudhury/Biscutella_wgs_remapping_2025/data/raw/all/FUL11_L1_R2_001_XRtASo792yr2.fastq.gz	TFU	low
FUL-11	FUL11_L2	FUL-11	L2	4	/data/users/rchoudhury/Biscutella_wgs_remapping_2025/data/raw/all/FUL11_L2_R1_001_1Dq2bzhuFyrj.fastq.gz	/data/users/rchoudhury/Biscutella_wgs_remapping_2025/data/raw/all/FUL11_L2_R2_001_RGAEVVWci4kM.fastq.gz	TFU	low
FUL-14	FUL14_L1	FUL-14	L1	4	/data/users/rchoudhury/Biscutella_wgs_remapping_2025/data/raw/all/FUL14_L1_R1_001_6ewWYyRD9om9.fastq.gz	/data/users/rchoudhury/Biscutella_wgs_remapping_2025/data/raw/all/FUL14_L1_R2_001_NSIXdSkJuw8W.fastq.gz	TFU	low
FUL-14	FUL14_L2	FUL-14	L2	4	/data/users/rchoudhury/Biscutella_wgs_remapping_2025/data/raw/all/FUL14_L2_R1_001_VySX4aHwvcgY.fastq.gz	/data/users/rchoudhury/Biscutella_wgs_remapping_2025/data/raw/all/FUL14_L2_R2_001_lprlXdkg5yRY.fastq.gz	TFU	low
FUL-1	FUL1_L1	FUL-1	L1	4	/data/users/rchoudhury/Biscutella_wgs_remapping_2025/data/raw/all/FUL1_L1_R1_001_8yzPMpGboYou.fastq.gz	/data/users/rchoudhury/Biscutella_wgs_remapping_2025/data/raw/all/FUL1_L1_R2_001_MuViWOx0T6Ad.fastq.gz	TFU	low
FUL-1	FUL1_L2	FUL-1	L2	4	/data/users/rchoudhury/Biscutella_wgs_remapping_2025/data/raw/all/FUL1_L2_R1_001_32TW5rkDrAsZ.fastq.gz	/data/users/rchoudhury/Biscutella_wgs_remapping_2025/data/raw/all/FUL1_L2_R2_001_MFa8MxJUwEoR.fastq.gz	TFU	low
FUL-3	FUL3_seq2_L1	FUL-3	L1	4	/data/users/rchoudhury/Biscutella_wgs_remapping_2025/data/raw/all/FUL3_seq2_L1_R1_001.fastq.gz	/data/users/rchoudhury/Biscutella_wgs_remapping_2025/data/raw/all/FUL3_seq2_L1_R2_001.fastq.gz	TFU	low
FUL-3	FUL3_L1	FUL-3	L1	4	/data/users/rchoudhury/Biscutella_wgs_remapping_2025/data/raw/all/FUL3_L1_R1_001_mAxeiU4xUVmk.fastq.gz	/data/users/rchoudhury/Biscutella_wgs_remapping_2025/data/raw/all/FUL3_L1_R2_001_mvIqeQR1LriY.fastq.gz	TFU	low
FUL-3	FUL3_L2	FUL-3	L2	4	/data/users/rchoudhury/Biscutella_wgs_remapping_2025/data/raw/all/FUL3_L2_R1_001_YuDChJhyBXuC.fastq.gz	/data/users/rchoudhury/Biscutella_wgs_remapping_2025/data/raw/all/FUL3_L2_R2_001_uoMLdFaZsdTb.fastq.gz	TFU	low
FUL-3	FUL3_seq2_L2	FUL-3	L2	4	/data/users/rchoudhury/Biscutella_wgs_remapping_2025/data/raw/all/FUL3_seq2_L2_R1_001.fastq.gz	/data/users/rchoudhury/Biscutella_wgs_remapping_2025/data/raw/all/FUL3_seq2_L2_R2_001.fastq.gz	TFU	low
FUL-4	FUL4_L1	FUL-4	L1	4	/data/users/rchoudhury/Biscutella_wgs_remapping_2025/data/raw/all/FUL4_L1_R1_001_G95nXz8HX6iP.fastq.gz	/data/users/rchoudhury/Biscutella_wgs_remapping_2025/data/raw/all/FUL4_L1_R2_001_9dvBwIJixEkg.fastq.gz	TFU	low
FUL-4	FUL4_L2	FUL-4	L2	4	/data/users/rchoudhury/Biscutella_wgs_remapping_2025/data/raw/all/FUL4_L2_R1_001_mR79XO5uD8Bf.fastq.gz	/data/users/rchoudhury/Biscutella_wgs_remapping_2025/data/raw/all/FUL4_L2_R2_001_KwRYR9PeOnrb.fastq.gz	TFU	low
FUL-7	FUL7_L1	FUL-7	L1	4	/data/users/rchoudhury/Biscutella_wgs_remapping_2025/data/raw/all/FUL7_L1_R1_001_m0SQpn1ykpxQ.fastq.gz	/data/users/rchoudhury/Biscutella_wgs_remapping_2025/data/raw/all/FUL7_L1_R2_001_AsSXy04clcYd.fastq.gz	TFU	low
FUL-7	FUL7_seq2_L1	FUL-7	L1	4	/data/users/rchoudhury/Biscutella_wgs_remapping_2025/data/raw/all/FUL7_seq2_L1_R1_001.fastq.gz	/data/users/rchoudhury/Biscutella_wgs_remapping_2025/data/raw/all/FUL7_seq2_L1_R2_001.fastq.gz	TFU	low
FUL-7	FUL7_L2	FUL-7	L2	4	/data/users/rchoudhury/Biscutella_wgs_remapping_2025/data/raw/all/FUL7_L2_R1_001_nLnbopyhjIQz.fastq.gz	/data/users/rchoudhury/Biscutella_wgs_remapping_2025/data/raw/all/FUL7_L2_R2_001_dSKiUcJlBBMW.fastq.gz	TFU	low
FUL-7	FUL7_seq2_L2	FUL-7	L2	4	/data/users/rchoudhury/Biscutella_wgs_remapping_2025/data/raw/all/FUL7_seq2_L2_R1_001.fastq.gz	/data/users/rchoudhury/Biscutella_wgs_remapping_2025/data/raw/all/FUL7_seq2_L2_R2_001.fastq.gz	TFU	low
FUL-9	FUL9_seq2_L1	FUL-9	L1	4	/data/users/rchoudhury/Biscutella_wgs_remapping_2025/data/raw/all/FUL9_seq2_L1_R1_001.fastq.gz	/data/users/rchoudhury/Biscutella_wgs_remapping_2025/data/raw/all/FUL9_seq2_L1_R2_001.fastq.gz	TFU	low
FUL-9	FUL9_L1	FUL-9	L1	4	/data/users/rchoudhury/Biscutella_wgs_remapping_2025/data/raw/all/FUL9_L1_R1_001_m94D0IDnDURF.fastq.gz	/data/users/rchoudhury/Biscutella_wgs_remapping_2025/data/raw/all/FUL9_L1_R2_001_pGxEdgoyWqMI.fastq.gz	TFU	low
FUL-9	FUL9_L2	FUL-9	L2	4	/data/users/rchoudhury/Biscutella_wgs_remapping_2025/data/raw/all/FUL9_L2_R1_001_ii9BDBlikfLR.fastq.gz	/data/users/rchoudhury/Biscutella_wgs_remapping_2025/data/raw/all/FUL9_L2_R2_001_r68TIlDI3dXG.fastq.gz	TFU	low
FUL-9	FUL9_seq2_L2	FUL-9	L2	4	/data/users/rchoudhury/Biscutella_wgs_remapping_2025/data/raw/all/FUL9_seq2_L2_R1_001.fastq.gz	/data/users/rchoudhury/Biscutella_wgs_remapping_2025/data/raw/all/FUL9_seq2_L2_R2_001.fastq.gz	TFU	low
